0	5A18NP1-JBb08-A	1	unknown	culture	US	NY	unknown	unknown	nanopore	A	AT1
1	UNY147	34	3.0	unknown	US	NY	unknown	L	illumina	J	unknown
2	5A18NP1-JBb08-C	1	unknown	culture	US	NY	unknown	unknown	nanopore	A	AT1
3	5A18NP1-JBb08-B	1	unknown	culture	US	NY	unknown	unknown	nanopore	A	AT1
4	5A18NP1-JBb08-E	1	unknown	culture	US	NY	unknown	unknown	nanopore	A	AT1
5	B31-K2	1	unknown	culture	US	NY	unknown	unknown	nanopore	A	AT1
6	B31-5A4	1	unknown	culture	US	NY	unknown	unknown	nanopore	A	AT1
7	5A18NP1-JBb08-D	1	unknown	culture	US	NY	unknown	unknown	nanopore	A	AT1
8	UNY218	37	3.0	unknown	US	NY	unknown	L	illumina	T	AT14
9	UNY201	34	3.0	unknown	US	NY	unknown	D	illumina	J	AT10
10	UWI272	55	1.0	unknown	US	WI	unknown	D	illumina	A	AT1
11	UNY210	18	3.0	unknown	US	NY	unknown	L	illumina	U	AT15
12	UNY196	15	3.0	unknown	US	NY	unknown	D	illumina	I	AT9
13	BG001_C7	1	unknown	culture	US	NY	unknown	unknown	nanopore	A	AT1
14	UNY214	40	3.0	unknown	US	NY	unknown	L	illumina	E3	AT16
15	UWI273	55	3.0	unknown	US	WI	unknown	L	illumina	C	AT3
16	UWI267	222	3.0	unknown	US	WI	unknown	L	illumina	U	AT15
17	UWI252	29	2.0	unknown	US	WI	unknown	D	illumina	L	Bbis
18	ESI300	24	3.0	unknown	EU	Slovenia	unknown	unknown	illumina	L	Bbis
19	UWI257	232	3.0	unknown	US	WI	unknown	L	illumina	B3	Bbis
20	ESI322	24	3.0	unknown	EU	Slovenia	unknown	unknown	illumina	L	Bbis
21	UWI276	410	2.0	unknown	US	WI	unknown	D	illumina	N	AT13
22	ESI295	24	3.0	unknown	EU	Slovenia	unknown	unknown	illumina	L	Bbis
23	EU57_B190413	20	unknown	unknown	unknown	unknown	unknown	unknown	hybrid	M	Bbis
24	ESI299	24	1.0	unknown	EU	Slovenia	unknown	unknown	illumina	S	Bbis
25	ESI311	24	3.0	unknown	EU	Slovenia	unknown	unknown	illumina	L	Bbis
26	ESI323	799	3.0	unknown	EU	Slovenia	unknown	unknown	illumina	L	Bbis
27	UNY171	8	2.0	unknown	US	NY	unknown	L	illumina	F	AT6
28	UNY216	12	3.0	unknown	US	NY	unknown	D	illumina	M	AT12
29	UWI263	29	2.0	unknown	US	WI	unknown	L	illumina	L	Bbis
30	ESI28	284	1.0	unknown	EU	Slovenia	unknown	unknown	illumina	R	Bbis
31	ESI309	20	1.0	unknown	EU	Slovenia	unknown	unknown	illumina	S	Bbis
32	UWI237	229	3.0	unknown	US	WI	unknown	L	illumina	E	AT5
33	ESI312	New 	3.0	unknown	EU	Slovenia	unknown	unknown	illumina	L	Bbis
34	ESI319	24	3.0	unknown	EU	Slovenia	unknown	unknown	illumina	L	Bbis
35	ESI304	24	3.0	unknown	EU	Slovenia	unknown	unknown	illumina	L	Bbis
36	ESI288a	20	1.0	unknown	EU	Slovenia	unknown	unknown	illumina	S	Bbis
37	ESI284	20	1.0	unknown	EU	Slovenia	unknown	unknown	illumina	R	Bbis
38	N40_HP	12	unknown	culture	US	NY	unknown	unknown	nanopore	M	AT12
39	ESI292	545	1.0	unknown	EU	Slovenia	unknown	unknown	illumina	B	AT2
40	UWI240	12	3.0	unknown	US	WI	unknown	D	illumina	M	AT12
41	UNY203	14	3.0	unknown	US	NY	unknown	L	illumina	G	AT7
42	UWI230	222	3.0	unknown	US	WI	unknown	D	illumina	U	AT15
43	L113	24	unknown	unknown	unknown	unknown	unknown	unknown	hybrid	L	Bbis
44	UWI281	223	3.0	unknown	US	WI	unknown	L	illumina	T	AT14
45	UWI278	32	2.0	unknown	US	WI	unknown	D	illumina	H	AT8
46	UWI258	232	3.0	unknown	US	WI	unknown	L	illumina	B3	Bbis
47	BB-8	34	unknown	culture	US	NY	unknown	unknown	nanopore	J	AT10
48	UWI221	32	2.0	unknown	US	WI	unknown	L	illumina	H	AT8
49	UNY213	8	2.0	unknown	US	NY	unknown	L	illumina	F	AT6
50	UNY199	19	3.0	unknown	US	NY	unknown	L	illumina	E	AT5
51	ESI316	24	3.0	unknown	EU	Slovenia	unknown	unknown	illumina	L	Bbis
52	UNY137	54	3.0	unknown	US	NY	unknown	L	illumina	O	unknown
53	UWI235	47	3.0	unknown	US	WI	unknown	L	illumina	U	AT15
54	UNY138	9	2.0	unknown	US	NY	unknown	L	illumina	N	AT13
55	UNY207	11	3.0	unknown	US	NY	unknown	D	illumina	C	unknown
56	UWI268	228	3.0	unknown	US	WI	unknown	L	illumina	I	AT9
57	UNY167	16	3.0	unknown	US	NY	unknown	L	illumina	I	AT9
58	XD1	12	unknown	unknown	unknown	unknown	unknown	unknown	hybrid	M	AT12
59	UWI279	302	2.0	unknown	US	WI	unknown	D	illumina	F	AT6
60	UWI277	410	2.0	unknown	US	WI	unknown	L	illumina	N	AT13
61	UWI255	227	3.0	unknown	US	WI	unknown	L	illumina	I	AT9
62	UNY178	14	3.0	unknown	US	NY	unknown	D	illumina	G	AT7
63	UNY141	8	2.0	unknown	US	NY	unknown	L	illumina	F	AT6
64	MR616	14	3.0	Skin	US	NY	unknown	L	pacbio	G	AT7
65	UNY172	12	3.0	unknown	US	NY	unknown	L	illumina	M	AT12
66	UNY168	4	2.0	unknown	US	NY	unknown	L	illumina	H	AT8
67	URI34	38	3.0	unknown	US	RI	unknown	D	illumina	D	unknown
68	ESI291	545	1.0	unknown	EU	Slovenia	unknown	unknown	illumina	Q	AT2
69	URI118	3	2.0	unknown	US	RI	unknown	L	illumina	K	AT11
70	UWI226	221	3.0	unknown	US	WI	unknown	D	illumina	O	Bbis
71	UWI282	55	1.0	unknown	US	WI	unknown	L	illumina	C	AT3
72	UWI233	48	3.0	unknown	US	WI	unknown	L	illumina	G	AT7
73	UWI254	32	2.0	unknown	US	WI	unknown	D	illumina	H	AT8
74	ESI26	20	1.0	unknown	EU	Slovenia	unknown	unknown	illumina	R	Bbis
75	UNY173	38	3.0	unknown	US	NY	unknown	L	illumina	D	unknown
76	ESI320	546	1.0	unknown	EU	Slovenia	unknown	unknown	illumina	Q	Bbis
77	UWI260	225	3.0	unknown	US	WI	unknown	L	illumina	F3	Bbis
78	UNY217	37	3.0	unknown	US	NY	unknown	L	illumina	T	AT14
79	UNY144	18	3.0	unknown	US	NY	unknown	L	illumina	U	AT15
80	UWI264	29	2.0	unknown	US	WI	unknown	D	illumina	L	Bbis
81	UWI227	32	2.0	unknown	US	WI	unknown	D	illumina	H	AT8
82	UNY187	7	1.0	unknown	US	NY	unknown	D	illumina	B	AT2
83	UWI232	234	2.0	unknown	US	WI	unknown	D	illumina	K	AT11
84	UWI283	221	3.0	unknown	US	WI	unknown	L	illumina	O	Bbis
85	UWI265	234	2.0	unknown	US	WI	unknown	L	illumina	K	AT11
86	UWI231	52	3.0	unknown	US	WI	unknown	L	illumina	E3	AT16
87	ESI303	545	1.0	unknown	EU	Slovenia	unknown	unknown	illumina	B	AT2
88	UWI222	32	2.0	unknown	US	WI	unknown	D	illumina	H	AT8
89	UWI269	32	2.0	unknown	US	WI	unknown	D	illumina	H	AT8
90	UNY166	9	2.0	unknown	US	NY	unknown	L	illumina	N	AT13
91	UWI247	4	2.0	unknown	US	WI	unknown	D	illumina	H	AT8
92	UWI245	229	3.0	unknown	US	WI	unknown	L	illumina	E	AT5
93	MC149	221	unknown	Skin	US	WI	unknown	L	pacbio	O	Bbis
94	UWI253	32	2.0	unknown	US	WI	unknown	D	illumina	H	AT8
95	UWI220	56	2.0	unknown	US	WI	unknown	L	illumina	F	AT6
96	UWI229	43	2.0	unknown	US	WI	unknown	L	illumina	N	AT13
97	UNY175	14	3.0	unknown	US	NY	unknown	L	illumina	G	AT7
98	UNY140	19	3.0	unknown	US	NY	unknown	L	illumina	E	AT5
99	UWI280	32	2.0	unknown	US	WI	unknown	L	illumina	H	AT8
100	URI119	1	1.0	unknown	US	RI	unknown	L	illumina	A	AT1
101	UNY160	3	2.0	unknown	US	NY	unknown	D	illumina	K	AT11
102	UWI242	55	1.0	unknown	US	WI	unknown	L	illumina	A	AT1
103	UNY169	19	3.0	unknown	US	NY	unknown	D	illumina	E	AT5
104	UNY206	9	2.0	unknown	US	NY	unknown	D	illumina	N	AT13
105	UCT51	16	3.0	unknown	US	CT	unknown	L	illumina	I	AT9
106	UCT69	59	1.0	unknown	US	CT	unknown	D	illumina	B	AT2
107	URI122	3	2.0	unknown	US	RI	unknown	L	illumina	K	AT11
108	URI54	14	3.0	unknown	US	RI	unknown	L	illumina	G	AT7
109	UWI241	48	3.0	unknown	US	WI	unknown	D	illumina	G	AT7
110	UNY208	4	2.0	unknown	US	NY	unknown	D	illumina	H	AT8
111	UNY215	14	3.0	unknown	US	NY	unknown	D	illumina	G	AT7
112	K21	19	3.0	unknown	US	CT	unknown	D	hybrid	E	AT5
113	UWI239	221	3.0	unknown	US	WI	unknown	D	illumina	O	Bbis
114	UWI256	29	2.0	unknown	US	WI	unknown	L	illumina	L	Bbis
115	UWI223	234	2.0	unknown	US	WI	unknown	L	illumina	K	AT11
116	UWI251	30	1.0	unknown	US	WI	unknown	L	illumina	B	AT2
117	UNY191	4	2.0	unknown	US	NY	unknown	D	illumina	H	AT8
118	UWI236	48	3.0	unknown	US	WI	unknown	L	illumina	G	AT7
119	ESI315	545	1.0	unknown	EU	Slovenia	unknown	unknown	illumina	B	AT2
120	UWI270	51	3.0	unknown	US	WI	unknown	L	illumina	D	unknown
121	ESI313	314	1.0	unknown	EU	Slovenia	unknown	unknown	illumina	B	AT2
122	UNY162	9	2.0	unknown	US	NY	unknown	L	illumina	N	AT13
123	ESI297	545	1.0	unknown	EU	Slovenia	unknown	unknown	illumina	B	AT2
124	B348	19	3.0	Skin	US	NY	unknown	D	pacbio	E	AT5
125	UNY134	36	2.0	unknown	US	NY	unknown	D	illumina	N	AT13
126	UNY183	16	3.0	unknown	US	NY	unknown	L	illumina	I	AT9
127	ESI314	20	1.0	unknown	EU	Slovenia	unknown	unknown	illumina	B	AT2
128	UWI246	302	2.0	unknown	US	WI	unknown	L	illumina	E	AT6
129	UWI248	32	2.0	unknown	US	WI	unknown	L	illumina	H	AT8
130	UNY205	16	3.0	unknown	US	NY	unknown	D	illumina	I	AT9
131	ESI305	20	1.0	unknown	EU	Slovenia	unknown	unknown	illumina	B	AT2
132	ESI317	20	1.0	unknown	EU	Slovenia	unknown	unknown	illumina	B	AT2
133	UMA3	3	2.0	unknown	US	Nantucket	unknown	L	illumina	K	AT11
134	URI112	3	2.0	unknown	US	RI	unknown	L	illumina	K	AT11
135	UNY177	3	2.0	unknown	US	NY	unknown	D	illumina	K	AT11
136	URI49	8	2.0	unknown	US	RI	unknown	L	illumina	F	AT6
137	K83	3	2.0	unknown	US	RI	unknown	L	hybrid	K	AT11
138	URI56	16	3.0	unknown	US	RI	unknown	L	illumina	I	AT9
139	UWI261	55	1.0	unknown	US	WI	unknown	D	illumina	A	AT1
140	UNY158	50	3.0	unknown	US	NY	unknown	L	illumina	G	AT7
141	URI117	3	2.0	unknown	US	RI	unknown	L	illumina	K	AT11
142	B331	16	3.0	Skin	US	NY	unknown	L	pacbio	I	AT9
143	UCT50	19	3.0	unknown	US	CT	unknown	D	illumina	E	AT5
144	BL522	12	3.0	unknown	NY	unknown	unknown	D	pacbio	M	AT12
145	UCT30	3	2.0	unknown	US	CT	unknown	D	illumina	K	AT11
146	B418	19	3.0	Skin	US	NY	BL252	D	pacbio	E	AT5
147	UWI250	32	2.0	unknown	US	WI	unknown	L	illumina	H	AT8
148	UNY176	7	1.0	unknown	US	NY	unknown	D	illumina	B	AT2
149	UNY209	16	3.0	unknown	US	NY	unknown	D	illumina	I	AT9
150	UWI224	32	2.0	unknown	US	WI	unknown	D	illumina	H	AT8
151	URI81	9	2.0	unknown	US	RI	unknown	D	illumina	N	AT13
152	ESI301	314	1.0	unknown	EU	Slovenia	unknown	unknown	illumina	B	AT2
153	UWI274	226	3.0	unknown	US	WI	unknown	L	illumina	D	unknown
154	UNY200	1	1.0	unknown	US	NY	unknown	L	illumina	A	AT1
155	URI85	9	2.0	unknown	US	RI	unknown	L	illumina	N	AT13
156	UWI271	30	1.0	unknown	US	WI	unknown	D	illumina	B	AT2
157	UWI244	237	3.0	unknown	US	WI	unknown	L	illumina	J	AT10
158	B356	12	3.0	Skin	US	NY	unknown	L	pacbio	M	AT12
159	K2	1	1.0	unknown	US	RI	unknown	D	hybrid	A	AT1
160	K19	9	2.0	unknown	US	RI	unknown	L	hybrid	N	AT13
161	UCT121	59	1.0	unknown	US	CT	unknown	L	illumina	B	AT2
162	ESI289	314	1.0	unknown	EU	Slovenia	unknown	unknown	illumina	B	AT2
163	UWI228	234	2.0	unknown	US	WI	unknown	L	illumina	K	AT11
164	UNY129	1	1.0	unknown	US	NY	unknown	L	illumina	A	AT1
165	ESI287	314	1.0	unknown	EU	Slovenia	unknown	unknown	illumina	B	AT2
166	UNY143	12	3.0	unknown	US	NY	unknown	L	illumina	M	AT12
167	UNY192	1	1.0	unknown	US	NY	unknown	D	illumina	A	AT1
168	ESI306	545	1.0	unknown	EU	Slovenia	unknown	unknown	illumina	B	AT2
169	UWI249	409	3.0	unknown	US	WI	unknown	L	illumina	M	AT12
170	ESI290	314	1.0	unknown	EU	Slovenia	unknown	unknown	illumina	B	AT2
171	B483	9	2.0	unknown	NY	unknown	unknown	ND	pacbio	N	AT13
172	UNY204	12	3.0	unknown	US	NY	unknown	D	illumina	M	AT12
173	K86	1	1.0	unknown	US	RI	unknown	D	hybrid	A	AT1
174	UCT96	59	1.0	unknown	US	CT	unknown	D	illumina	B	AT2
175	UNY195	1	1.0	unknown	US	NY	unknown	D	illumina	A	AT1
176	ESI294	314	1.0	unknown	EU	Slovenia	unknown	unknown	illumina	B	AT2
177	UNY159	18	3.0	unknown	US	NY	unknown	L	illumina	U	AT15
178	URI33	9	2.0	unknown	US	RI	unknown	D	illumina	N	AT5
179	UWI243	234	2.0	unknown	US	WI	unknown	L	illumina	K	AT11
180	UWI225	56	2.0	unknown	US	WI	unknown	L	illumina	F	AT6
181	UNY135	16	3.0	unknown	US	NY	unknown	L	illumina	I	AT9
182	URI97	3	2.0	unknown	US	RI	unknown	L	illumina	K	AT11
183	UCT115	4	2.0	unknown	US	CT	unknown	D	illumina	H	AT8
184	URI103	3	2.0	unknown	US	RI	unknown	L	illumina	K	AT11
185	UNY136	19	3.0	unknown	US	NY	unknown	L	illumina	E	AT5
186	UCT31	1	1.0	unknown	US	CT	unknown	D	illumina	A	AT1
187	URI99	36	2.0	unknown	US	RI	unknown	D	illumina	N	AT13
188	MC104	4	unknown	CSF	US	WI	unknown	D	pacbio	H	AT8
189	UCT83	3	2.0	unknown	US	CT	unknown	L	illumina	K	AT11
190	URI86	3	2.0	unknown	US	RI	unknown	L	illumina	K	AT11
191	URI120	1	1.0	unknown	US	RI	unknown	D	illumina	A	AT1
192	URI42	1	1.0	unknown	US	RI	unknown	L	illumina	A	AT1
193	B477	38	3.0	Skin	US	NY	unknown	L	pacbio	D	unknown
194	URI17	7	1.0	unknown	US	RI	unknown	D	illumina	B	AT2
195	UNY194	3	2.0	unknown	US	NY	unknown	D	illumina	K	AT11
196	UNY145	1	1.0	unknown	US	NY	unknown	L	illumina	A	AT1
197	ESI318	545	1.0	unknown	EU	Slovenia	unknown	unknown	illumina	B	AT2
198	UCT32	3	2.0	unknown	US	CT	unknown	D	illumina	K	AT11
199	URI60	9	2.0	unknown	US	RI	unknown	L	illumina	N	AT13
200	ESI307	545	1.0	unknown	EU	Slovenia	unknown	unknown	illumina	B	AT2
201	URI90	9	2.0	unknown	US	RI	unknown	D	illumina	N	AT13
202	UNY152	18	3.0	unknown	US	NY	unknown	L	illumina	U	AT15
203	UNY182	3	2.0	unknown	US	NY	unknown	D	illumina	K	AT11
204	UNY151	4	2.0	unknown	US	NY	unknown	D	illumina	H	AT8
205	URI78	59	1.0	unknown	US	RI	unknown	D	illumina	B	AT2
206	UMA14	1	1.0	unknown	US	Nantucket	unknown	L	illumina	A	AT1
207	UNY155	3	2.0	unknown	US	NY	unknown	L	illumina	K	AT11
208	UNY170	1	1.0	unknown	US	NY	unknown	D	illumina	A	AT1
209	URI44	3	2.0	unknown	US	RI	unknown	D	illumina	K	AT11
210	UNY142	50	3.0	unknown	US	NY	unknown	L	illumina	G	AT7
211	UCT62	3	2.0	unknown	US	CT	unknown	D	illumina	K	AT11
212	UNY189	16	3.0	unknown	US	NY	unknown	D	illumina	I	AT9
213	UNY197	3	2.0	unknown	US	NY	unknown	D	illumina	K	AT11
214	UNY150	7	1.0	unknown	US	NY	unknown	D	illumina	B	AT2
215	URI94	3	2.0	unknown	US	RI	unknown	D	illumina	K	AT11
216	B500	15	3.0	Skin	US	NY	unknown	D	pacbio	I	AT9
217	URI116	36	2.0	unknown	US	RI	unknown	L	illumina	N	AT13
218	URI77	3	2.0	unknown	US	RI	unknown	D	illumina	K	AT11
219	UWI234	29	2.0	unknown	US	WI	unknown	L	illumina	L	Bbis
220	UWI238	29	2.0	unknown	US	WI	unknown	D	illumina	L	Bbis
221	ESI285	20	1.0	unknown	EU	Slovenia	unknown	unknown	illumina	B	AT2
222	URI64	3	2.0	unknown	US	RI	unknown	L	illumina	K	AT11
223	URI114	16	3.0	unknown	US	RI	unknown	D	illumina	I	AT9
224	K22	38	3.0	unknown	US	RI	unknown	D	hybrid	D	unknown
225	URI43	1	1.0	unknown	US	RI	unknown	L	illumina	A	AT1
226	K1	1	1.0	unknown	US	CT	unknown	D	hybrid	A	AT1
227	UNY188	3	2.0	unknown	US	NY	unknown	D	illumina	K	AT11
228	UNY130	3	2.0	unknown	US	NY	unknown	L	illumina	K	AT11
229	UNY184	1	1.0	unknown	US	NY	unknown	L	illumina	A	AT1
230	UNY163	7	1.0	unknown	US	NY	unknown	L	illumina	B	AT2
231	UNY153	1	1.0	unknown	US	NY	unknown	D	illumina	A	AT1
232	UNY154	3	2.0	unknown	US	NY	unknown	L	illumina	K	AT11
233	UNY133	8	2.0	unknown	US	NY	unknown	D	illumina	F	AT6
234	K64	1	1.0	unknown	US	RI	unknown	D	hybrid	A	AT1
235	UNY193	38	3.0	unknown	US	NY	unknown	L	illumina	D	unknown
236	UNY211	3	2.0	unknown	US	NY	unknown	L	illumina	K	AT11
237	UNY149	3	2.0	unknown	US	NY	unknown	D	illumina	K	AT11
238	ESI286	20	1.0	unknown	EU	Slovenia	unknown	unknown	illumina	B	AT2
239	UNY132	16	3.0	unknown	US	NY	unknown	L	illumina	I	AT9
240	URI219	1	1.0	unknown	US	RI	unknown	L	illumina	A	AT1
241	UNY139	7	1.0	unknown	US	NY	unknown	L	illumina	B	AT2
242	URI38	37	3.0	unknown	US	RI	unknown	L	illumina	T	AT14
243	UCT106	36	2.0	unknown	US	CT	unknown	D	illumina	N	AT13
244	URI46	3	2.0	unknown	US	RI	unknown	L	illumina	K	AT11
245	UNY131	50	3.0	unknown	US	NY	unknown	L	illumina	G	AT7
246	UNY202	9	2.0	unknown	US	NY	unknown	D	illumina	N	AT13
247	UNY165	14	3.0	unknown	US	NY	unknown	L	illumina	G	AT7
248	URI98	3	2.0	unknown	US	RI	unknown	D	illumina	K	AT11
249	URI71	3	2.0	unknown	US	RI	unknown	D	illumina	K	AT11
250	UNY179	3	2.0	unknown	US	NY	unknown	D	illumina	K	AT11
251	URI39	1	1.0	unknown	US	RI	unknown	D	illumina	A	AT1
252	URI55	19	3.0	unknown	US	RI	unknown	L	illumina	E	AT5
253	UCT66	1	1.0	unknown	US	CT	unknown	D	illumina	A	AT1
254	K56	3	2.0	unknown	US	RI	unknown	L	hybrid	K	AT11
255	UNY174	7	1.0	unknown	US	NY	unknown	L	illumina	B	AT2
256	URI48	9	2.0	unknown	US	RI	unknown	L	illumina	N	AT13
257	UNY164	4	2.0	unknown	US	NY	unknown	L	illumina	H	AT8
258	URI36	16	3.0	unknown	US	RI	unknown	D	illumina	I	AT9
259	URI102	1	1.0	unknown	US	RI	unknown	D	illumina	A	AT1
260	URI22	9	2.0	unknown	US	RI	unknown	L	illumina	N	AT4
261	URI68	36	2.0	unknown	US	RI	unknown	D	illumina	N	AT13
262	URI87	1	1.0	unknown	US	RI	unknown	D	illumina	A	AT1
263	UNY156	3	2.0	unknown	US	NY	unknown	L	illumina	K	AT11
264	UCT109	1	1.0	unknown	US	CT	unknown	L	illumina	A	AT1
265	URI100	59	1.0	unknown	US	RI	unknown	L	illumina	B	AT2
266	UNY146	3	2.0	unknown	US	NY	unknown	L	illumina	K	AT11
267	UNY180	3	2.0	unknown	US	NY	unknown	L	illumina	K	AT11
268	MR641	4	unknown	unknown	unknown	unknown	unknown	unknown	2pacbio	Hb	AT8
269	UCT29	1	1.0	unknown	US	CT	unknown	D	illumina	A	AT1
270	K13	9	2.0	unknown	US	RI	unknown	D	hybrid	K	AT11
271	URI40	1	1.0	unknown	US	RI	unknown	D	illumina	A	unknown
272	URI79	59	1.0	unknown	US	RI	unknown	D	illumina	B	AT2
273	MC123	29	unknown	Skin	US	WI	unknown	L	pacbio	L	Bbis
274	UMA5	36	2.0	unknown	US	Nantucket	unknown	L	illumina	N	AT13
275	UNY148	4	2.0	unknown	US	NY	unknown	L	illumina	H	AT8
276	MC105	32	unknown	Skin	US	WI	unknown	L	pacbio	H	AT8
277	UMA10	797	1.0	unknown	US	Nantuchet	unknown	L	illumina	B	AT2
278	UCT110	3	2.0	unknown	US	CT	unknown	D	illumina	K	AT11
279	URI37	59	1.0	unknown	US	RI	unknown	L	illumina	B	AT2
280	URI52	16	3.0	unknown	US	RI	unknown	L	illumina	I	AT9
281	UMA1	3	2.0	unknown	US	Nantucket	unknown	L	illumina	K	AT11
282	URI107	1	1.0	unknown	US	RI	unknown	D	illumina	A	AT1
283	UNY212	3	2.0	unknown	US	NY	unknown	D	illumina	K	AT11
284	ESI308	20	1.0	unknown	EU	Slovenia	unknown	unknown	illumina	B	AT2
285	BL546	4	2.0	unknown	US	NY	unknown	D	pacbio	H	AT8
286	UCT92	3	2.0	unknown	US	CT	unknown	L	illumina	K	AT11
287	UCT35	14	3.0	unknown	US	CT	unknown	L	illumina	G	AT7
288	URI59	14	3.0	unknown	US	RI	unknown	L	illumina	G	AT7
289	UWI262	51	3.0	unknown	US	WI	unknown	L	illumina	D	unknown
290	B247	3	2.0	Skin	US	NY	BL146	D	pacbio	K	AT11
291	UCT104	3	2.0	unknown	US	CT	unknown	D	illumina	K	AT11
292	URI41	1	1.0	unknown	US	RI	unknown	L	illumina	A	AT1
293	UMA7	36	2.0	unknown	US	Nantucket	unknown	L	illumina	N	AT13
294	UCT73	3	2.0	unknown	US	CT	unknown	D	illumina	K	AT11
295	URI63	1	1.0	unknown	US	RI	unknown	L	illumina	A	AT1
296	UCT76	3	2.0	unknown	US	CT	unknown	L	illumina	K	AT11
297	UNY181	3	2.0	unknown	US	NY	unknown	D	illumina	K	AT11
298	UCT113	4	2.0	unknown	US	CT	unknown	D	illumina	H	AT8
299	URI93	1	1.0	unknown	US	RI	unknown	D	illumina	A	AT1
300	UMA15	3	2.0	unknown	US	Nantucket	unknown	L	illumina	K	AT11
301	UNY190	59	1.0	unknown	US	NY	unknown	D	illumina	B	AT2
302	BL224	3	2.0	unknown	US	NY	unknown	D	pacbio	K	AT11
303	UNY185	3	2.0	unknown	US	NY	unknown	L	illumina	K	AT11
304	URI47	3	2.0	unknown	US	RI	unknown	L	illumina	K	AT11
305	K24	14	3.0	unknown	US	CT	unknown	L	hybrid	G	AT7
306	URI67	59	1.0	unknown	US	RI	unknown	L	illumina	B	AT2
307	URI24	1	1.0	unknown	US	RI	unknown	D	illumina	A	AT1
308	UMA4	3	2.0	unknown	US	Nantucket	unknown	L	illumina	K	AT11
309	BL515	11	3.0	unknown	US	NY	unknown	D	pacbio	C	unknown
310	URI108	59	1.0	unknown	US	RI	unknown	D	illumina	B	AT2
311	URI23	3	2.0	unknown	US	RI	unknown	L	illumina	K	AT11
312	K84	59	1.0	unknown	US	CT	unknown	D	hybrid	B	AT2
313	K6	1	1.0	unknown	US	RI	unknown	L	hybrid	A	AT1
314	URI111	1	1.0	unknown	US	RI	unknown	D	illumina	A	AT1
315	URI75	1	1.0	unknown	US	RI	unknown	D	illumina	A	AT1
316	UCT74	1	1.0	unknown	US	CT	unknown	D	illumina	A	AT1
317	URI65	1	1.0	unknown	US	RI	unknown	L	illumina	A	AT1
318	URI58	16	3.0	unknown	US	RI	unknown	L	illumina	I	AT9
319	URI70	7	1.0	unknown	US	RI	unknown	D	illumina	B	AT2
320	BL082_H1	1	unknown	culture	US	NY	unknown	unknown	nanopore	A	AT1
321	K25	16	3.0	unknown	US	RI	unknown	D	hybrid	I	AT9
322	UNY157	59	1.0	unknown	US	NY	unknown	L	illumina	B	AT2
323	UMA16	59	1.0	unknown	US	Nantucket	unknown	L	illumina	B	AT2
324	HB-19	16	unknown	culture	US	NY	unknown	unknown	nanopore	Ia	AT9
325	URI91	1	1.0	unknown	US	RI	unknown	L	illumina	A	AT1
326	UNY161	1	1.0	unknown	US	NY	unknown	D	illumina	A	AT1
327	URI57	59	1.0	unknown	US	RI	unknown	L	illumina	B	AT2
328	URI53	16	3.0	unknown	US	RI	unknown	L	illumina	I	AT9
329	UMA127	11	3.0	unknown	US	Nantucket	unknown	L	illumina	C	unknown
330	URI61	1	1.0	unknown	US	RI	unknown	D	illumina	A	AT1
331	UWI275	12	3.0	unknown	US	WI	unknown	L	illumina	M	AT12
332	K73	1	1.0	unknown	US	RI	unknown	D	hybrid	A	AT1
333	URI72	1	1.0	unknown	US	RI	unknown	L	illumina	A	AT1
334	BL206	1	1.0	unknown	US	NY	unknown	D	pacbio	A	AT1
335	UMA9	1	1.0	unknown	US	Nantucket	unknown	L	illumina	A	unknown
336	K75	3	2.0	unknown	US	RI	unknown	L	hybrid	K	unknown
337	UMA11	38	3.0	unknown	US	Nantucket	unknown	L	illumina	D	unknown
338	K58	1	1.0	unknown	US	RI	unknown	D	hybrid	A	AT1
339	UMA12	1	1.0	unknown	US	Nantucket	unknown	L	illumina	A	AT1
340	URI105	1	1.0	unknown	US	RI	unknown	D	illumina	A	AT1
341	URI88	4	2.0	unknown	US	RI	unknown	L	illumina	H	AT8
342	URI101	1	1.0	unknown	US	RI	unknown	D	illumina	A	AT1
343	K90	59	1.0	unknown	US	CT	unknown	L	hybrid	B	AT2
344	URI89	1	1.0	unknown	US	RI	unknown	D	illumina	A	AT1
345	MR614	11	3.0	unknown	US	NY	unknown	D	pacbio	C	unknown
346	UMA8	1	1.0	unknown	US	Nantucket	unknown	D	illumina	A	AT1
347	URI19	59	1.0	unknown	US	RI	unknown	L	illumina	B	AT2
348	UMA13	59	1.0	unknown	US	Nantucket	unknown	L	illumina	B	unknown
349	UMA2	8	2.0	unknown	US	Nantucket	unknown	L	illumina	F	AT6
350	BL091_B31E2_erpP	1	unknown	culture	US	NY	unknown	unknown	nanopore	A	AT1
351	K15	3	2.0	unknown	US	CT	unknown	D	hybrid	K	AT11
352	K74	1	1.0	unknown	US	RI	unknown	D	hybrid	A	AT1
353	K62	4	2.0	unknown	US	RI	unknown	L	hybrid	H	AT8
354	K66	1	1.0	unknown	US	RI	unknown	D	hybrid	A	AT1
355	K10	1	1.0	unknown	US	CT	unknown	D	hybrid	A	AT1
356	URI84	59	2.0	unknown	US	RI	unknown	L	illumina	B	unknown
357	URI20	14	3.0	unknown	US	RI	unknown	L	illumina	G	AT7
358	K18	3	2.0	unknown	US	RI	unknown	L	hybrid	K	AT11
359	K72	3	2.0	unknown	US	CT	unknown	L	hybrid	K	AT11
360	EU51_B192411	24	unknown	unknown	unknown	unknown	unknown	unknown	hybrid	L	Bbis
361	K30	16	3.0	unknown	US	RI	unknown	L	hybrid	I	AT9
362	K12	3	2.0	unknown	US	RI	unknown	D	hybrid	K	AT11
363	K7	1	1.0	unknown	US	RI	unknown	L	hybrid	A	AT1
364	K80	19	3.0	unknown	US	CT	unknown	L	hybrid	E	Bbis
365	K89	16	unknown	unknown	unknown	unknown	unknown	unknown	hybrid	Ia	AT9
366	K16	9	2.0	unknown	US	RI	unknown	D	hybrid	N	AT13
367	EU14_B89613	545	unknown	unknown	unknown	unknown	unknown	unknown	hybrid	Bb	AT2
368	K17	3	2.0	unknown	US	RI	unknown	L	hybrid	K	AT11
369	K70	3	2.0	unknown	US	CT	unknown	D	hybrid	K	AT11
370	K57	1	1.0	unknown	US	RI	unknown	D	hybrid	A	AT1
371	K76	4	2.0	unknown	US	CT	unknown	D	hybrid	H	AT8
372	K3	1	1.0	unknown	US	RI	unknown	D	hybrid	A	AT1
373	K71	1	1.0	unknown	US	RI	unknown	L	hybrid	A	AT1
374	K60	1	1.0	unknown	US	RI	unknown	D	hybrid	A	AT1
375	K82	3	2.0	unknown	US	RI	unknown	L	hybrid	K	AT11
376	K11	3	2.0	unknown	US	CT	unknown	D	hybrid	K	AT11
377	K59	3	2.0	unknown	US	RI	unknown	L	hybrid	K	AT11
378	K69	1	1.0	unknown	US	CT	unknown	L	hybrid	A	AT1
