Sample Number,Sample Name,Age,Sex,MLST,WGS,RST Type,OspC Type,Clin_data_merge_check,Alias,Group,Original Sample Type,Seq Status,Conc. (ng/uL; Qubit),Seq Date,Batch #,LaneID,Barcode_Index1,Genospecies,Host,Origin,Location,Is Male,Is Female,Dx,Disseminated,Severity,Date of initial EM exam,first,6 m,12 m,Species,Dissem_binary,ACA_binary,LNB_binary,Notes,Additional Comments on Naming
75,B1006/09,,,335,,,,B1006/09,,EUDNAsamples,DNA,Sequenced,26.8,2/8/18,3,SN0142272,CCGTGAGA,Bafzelii,human,EU,,,,,,,,,,,,NA,,,,
66,B1006/14,56,F,170,,,,B1006/14,,EUDNAsamples,DNA,Sequenced,7.32,2/8/18,3,SN0142273,AGTACAAG,Bafzelii,human,EU,,0,1,EM,,,23.7.2014,no,no,no,B. afzelii,0,,,,
25,B1008/13,,,557,,,,B1008/13,,EUDNAsamples,DNA,Sequenced,34.2,2/8/18,2,SN0142271,ACCACTGT,Bafzelii,human,EU,,,,,,,,,,,,NA,,,,
72,B1066/09,,,581,,,,B1066/09,,EUDNAsamples,DNA,Sequenced,5.04,2/8/18,3,SN0142272,CAGCGTTA,Bafzelii,human,EU,,,,,,,,,,,,NA,,,,
8,B1077/13,,,554,,,,B1077/13,,EUDNAsamples,DNA,Sequenced,28.6,1/19/18,1,SN0140937,ACCACTGT,Bafzelii,human,EU,,,,,,,,,,,,NA,,,,
63,B1107/13,,,557,,,,B1107/13,,EUDNAsamples,DNA,Sequenced,16.2,2/8/18,3,SN0142273,ACATTGGC,Bafzelii,human,EU,,,,,,,,,,,,NA,,,,
45,B1137/09,56,F,new ST,,,,B1137/09,,EUDNAsamples,DNA,Sequenced,64.8,2/8/18,2,SN0142269,CATACCAA,Bafzelii,human,EU,,0,1,EM,,,26.06.2009,yes,yes,yes,B. afzelii,0,,,,
7,B1140/10,61,F,560,,,,B1140/10,,EUDNAsamples,DNA,Sequenced,20.8,1/19/18,1,SN0140937,ATGCCTAA,Bafzelii,human,EU,,0,1,EM,,,7.7.2010,no,no,no,B. afzelii,0,,,,
37,B1140/13,61,F,557,,,,B1140/13,,EUDNAsamples,DNA,Sequenced,20.6,2/8/18,2,SN0142269,ATTGAGGA,Bafzelii,human,EU,,0,1,MEM,,,26.7.2013,no,no,no,B. afzelii,1,,,,
32,B1164/12,,,,,,,B1164/12,,EUDNAsamples,DNA,Low concentration,1.46,,N/A,,,Bafzelii,human,EU,,,,,,,,,,,,NA,,,Not prepped due to low concentration,grow new isolate?
61,B1166/12,,,539,,,,B1166/12,,EUDNAsamples,DNA,Sequenced,12.7,2/15/18,4,SN0142761,TTCACGCA,Bafzelii,human,EU,,,,,,,,,,,,NA,,,,
76,B1168/12,,,354,,,,B1168/12,,EUDNAsamples,DNA,Sequenced,10.3,2/8/18,3,SN0142272,GCCACATA,Bafzelii,human,EU,,,,,,,,,,,,NA,,,,
58,B1186/09,49,F,,,,,B1186/09,,EUDNAsamples,DNA,Sequenced,17.7,2/8/18,3,SN0142273,ATGCCTAA,Bafzelii,human,EU,,0,1,EM,,,30.06.2009,no,no,no,B. afzelii,0,,,,
35,B1201/09,,,557,,,,B1201/09,,EUDNAsamples,DNA,Sequenced,36.4,2/8/18,2,SN0142271,GACTAGTA,Bafzelii,human,EU,,,,,,,,,,,,NA,,,,
50,B1202/13,42,M,,,,,B1202/13,,EUDNAsamples,DNA,Sequenced,25.6,2/8/18,2,SN0142270,AACGTGAT,Bafzelii,human,EU,,1,0,EM,,,15.7.2013,no,no,no,B. afzelii,0,,,,
62,B1360/12,,,565,,,,B1360/12,,EUDNAsamples,DNA,Sequenced,7,2/15/18,4,SN0142761,AGATGTAC,Bafzelii,human,EU,,,,,,,,,,,,NA,,,,
67,B1422/09,59,F,,,,,B1422/09,,EUDNAsamples,DNA,Sequenced,17.4,2/8/18,3,SN0142273,GACTAGTA,Bafzelii,human,EU,,0,1,EM,,,09.07.2009,no,yes,yes,B. afzelii,0,,,,
91,B1422/09,,,,,,,,,DFPool2,,Sequenced,,5/9/2018,,SN0148732,GAGTTAGC,Bafzelii,human,EU,,,,,,,,,,,,,,,,
36,B1503/13,74,F,467,,,,B1503/13,,EUDNAsamples,DNA,Sequenced,35.6,2/8/18,2,SN0142269,AGTACAAG,Bafzelii,human,EU,,0,1,EM,,,30.7.2013,yes,no,no,B. afzelii,0,,,,
56,B1527/06,,,557,,,,B1527/06,,EUDNAsamples,DNA,Sequenced,8.12,2/15/18,4,SN0142761,GTCTGTCA,Bafzelii,human,EU,,,,,,,,,,,,NA,,,,
5,B1552/06,49,M,new ST,,,,B1552/06,,EUDNAsamples,DNA,Sequenced,12.5,1/19/18,1,SN0140937,AAACATCG,Bafzelii,human,EU,,1,0,EM,,,27.7.2006,no,,yes,B. afzelii,0,,,,
6,B1573/09,,,new ST,,,,B1573/09,,EUDNAsamples,DNA,Sequenced,27.8,2/8/18,"1,3",SN0142273,AACGTGAT,Bafzelii,human,EU,,,,,,,,,,,,NA,,,,
59,B1589/11,47,F,246,,,,B1589/11,,EUDNAsamples,DNA,Sequenced,35.2,2/8/18,3,SN0142273,ACCACTGT,Bgarinii,human,EU,,0,1,MEM,,,2.8.2011,no,no,no,B. garinii,1,,,,
41,B1643/13,62,F,557,,,,B1643/13,,EUDNAsamples,DNA,Sequenced,11.9,2/15/18,4,SN0142761,CGCTGATC,Bafzelii,human,EU,,0,1,MEM,,,8.8.2013,no,no,no,B. afzelii,1,,,,
2,B1659/12,,,,,,,,,EUDNAsamples,DNA,Sequenced,10.2,2/15/18,"1,4",SN0142763,ACATTGGC,Bafzelii,human,EU,,,,,,,,,,,,NA,,,,
53,B1729/13,,,753,,,,B1729/13,,EUDNAsamples,DNA,Sequenced,23.4,2/8/18,2,SN0142270,GTGTTCTA,Bafzelii,human,EU,,,,,,,,,,,,NA,,,,
42,B1776/13,,,new ST,,,,B1776/13,,EUDNAsamples,DNA,Sequenced,10.8,2/15/18,4,SN0142761,ACAAGCTA,Bafzelii,human,EU,,,,,,,,,,,,NA,,,,
11,B1777/13,,,,,,,B1777/13,,EUDNAsamples,DNA,Sequenced,11.7,2/15/18,1,SN0142763,AGTACAAG,Bafzelii,human,EU,,,,,,,,,,,,NA,,,,
38,B1792/13,78,M,,,,,B1792/13,,EUDNAsamples,DNA,Sequenced,10.1,2/15/18,4,SN0142766,AACGTGAT,Bafzelii,human,EU,,1,0,EM,,,,yes,yes,yes,B. afzelii,0,,,,
92,B1792/13,,,,,,,,,DFPool2,,Sequenced,,5/9/2018,,SN0148732,CAAGGAGC,Bafzelii,human,EU,,,,,,,,,,,,NA,,,,
28,B1801/13,,,,,,,B1801/13,,EUDNAsamples,DNA,Low concentration,1.16,,N/A,,,Bafzelii,human,EU,,,,,,,,,,,,NA,,,Not prepped due to low concentration,grow new isolate?
77,B1836/10,,,,,,,B1836/10,,EUDNAsamples,DNA,Sequenced,9.72,2/8/18,3,SN0142270,CGCTGATC,Bafzelii,human,EU,,,,,,,,,,,,NA,,,,
52,B1844/11,58,M,557,,,,B1844/11,,EUDNAsamples,DNA,Sequenced,14.1,2/8/18,2,SN0142270,GTCTGTCA,Bafzelii,human,EU,,1,0,EM,,,24.8.2011,no,no,no,B. afzelii,0,,,,
19,B1851/13,49,M,557,,,,B1851/13,,EUDNAsamples,DNA,Sequenced,20.2,2/15/18,1,SN0142766,GCCACATA,Bafzelii,human,EU,,1,0,EM,,,23.8.2013,no,no,no,B. afzelii,0,,,,
1,B1875/11,51,F,204,,,,,,EUDNAsamples,DNA,Sequenced,23.2,2/15/18,"1,4",SN0142763,ACCACTGT,Bafzelii,human,EU,,0,1,EM,,,25.8.2011,no,+,+,B. afzelii,0,,,,
39,B1885/09,53,F,463,,,,B1885/09,,EUDNAsamples,DNA,Sequenced,18.2,2/8/18,2,SN0142269,CAATGGAA,Bafzelii,human,EU,,0,1,EM,,,31.7.2009,yes,yes,yes,B. afzelii,0,,,,
13,B1887/11,,,new ST,,,,B1887/11,,EUDNAsamples,DNA,Sequenced,10.9,1/19/18,1,SN0140937,CATCAAGT,Bafzelii,human,EU,,,,,,,,,,,,NA,,,,
57,B1904/13,,,,1,,,B1904/13,,EUDNAsamples,DNA,Sequenced,33.8,2/8/18,3,SN0142273,AAACATCG,EUBb,human,EU,,,,,,,,,,,,NA,,,,
27,B1913/06,,,557,,,,B1913/06,,EUDNAsamples,DNA,Sequenced,6.9,2/15/18,4,SN0142766,CAGCGTTA,Bafzelii,human,EU,,,,,,,,,,,,NA,,,,
51,B1924/11,,,24,2,,,B1924/11,,EUDNAsamples,DNA,Sequenced,22.3,2/8/18,2,SN0142270,CCGAAGTA,EUBb,human,EU,,,,,,,,,,,,NA,,,,
16,B1939/13,76,F,,,,,B1939/13,,EUDNAsamples,DNA,Sequenced,13.7,2/15/18,1,SN0142766,AGTACAAG,Bafzelii,human,EU,,0,1,EM,,,29.8.2013,no,no,no,B. afzelii,0,,,,
,,,,,,,,,,,,,,,,,,,,,,,,,,,,,,,,,,,,
10,B1947/13,59,M,479,,,,B1947/13,,EUDNAsamples,DNA,Sequenced,29.2,1/19/18,1,SN0140937,ACATTGGC,Bafzelii,human,EU,,1,0,EM,,,29.8.2013,no,no,no,B. afzelii,0,,,,
49,B1964/12,,,335,,,,B1964/12,,EUDNAsamples,DNA,Sequenced,3.88,2/15/18,4,SN0142761,CCGAAGTA,Bafzelii,human,EU,,,,,,,,,,,,NA,,,,
60,B1985/13,,,467,,,,B1985/13,,EUDNAsamples,DNA,Sequenced,5.76,2/15/18,4,SN0142761,GTGTTCTA,Bafzelii,human,EU,,,,,,,,,,,,NA,,,,
46,B1987/11,,,731,,,,B1987/11,,EUDNAsamples,DNA,Sequenced,19.7,2/8/18,2,SN0142269,CCAGTTCA,Bafzelii,human,EU,,,,,,,,,,,,NA,,,,
4,B2003/13,59,F,467,,,,,,EUDNAsamples,DNA,Sequenced,6.74,2/15/18,"1,4",SN0142763,CAGATCTG,Bafzelii,human,EU,,0,1,EM,,,14.6.2013,no,no,no,,0,,,,
18,B2005/09,56,F,,,,,B2005/09,,EUDNAsamples,DNA,Sequenced,18.2,2/15/18,1,SN0142761,CAATGGAA,?EUBB,human,EU,,0,1,EM,,,07.08.2009,no,no,no,B. afzelii,0,,,,
93,B2005/09,,,,,,,,,DFPool2,,Sequenced,,5/9/2018,,SN0148732,ACGCTCGA,Bafzelii,human,EU,,,,,,,,,,,,NA,,,,
30,B2072/13,,,479,,,,B2072/13,,EUDNAsamples,DNA,Sequenced,23.2,2/8/18,2,SN0142271,CAGATCTG,Bafzelii,human,EU,,,,,,,,,,,,NA,,,,
44,B2085/10,50,M,557,,,,B2085/10,,EUDNAsamples,DNA,Sequenced,13.1,2/15/18,4,SN0142761,CTGTAGCC,Bafzelii,human,EU,,1,0,MEM,,,18.10.2010,no,yes,yes,B. afzelii,1,,,,
65,B2178/06,,,539,,,,B2178/06,,EUDNAsamples,DNA,Sequenced,8.5,2/8/18,3,SN0142273,CATCAAGT,Bafzelii,human,EU,,,,,,,,,,,,NA,,,,
21,B2231/13,59,F,554,,,,B2231/13,,EUDNAsamples,DNA,Sequenced,35.2,2/8/18,2,SN0142271,AACGTGAT,Bafzelii,human,EU,,0,1,EM,,,18.9.2013,yes,no,no,B. afzelii,0,,,,
33,B2241/13,,,249,,,,B2241/13,,EUDNAsamples,DNA,Sequenced,9.42,2/15/18,4,SN0142766,CACTTCGA,Bafzelii,human,EU,,,,,,,,,,,,NA,,,,
26,B2267/09,33,F,557,,,,B2267/09,,EUDNAsamples,DNA,Sequenced,9.92,2/15/18,4,SN0142766,CATACCAA,Bafzelii,human,EU,,0,1,EM,,,24.08.2009,no,no,no,B. afzelii,0,,,,
40,B2269/09,37,F,335,,,,B2269/09,,EUDNAsamples,DNA,Sequenced,34,2/8/18,2,SN0142269,CACTTCGA,Bafzelii,human,EU,,0,1,EM,,,24.08.2009,no,no,no,B. afzelii,0,,,,
22,B2286/13,,,467,,,,B2286/13,,EUDNAsamples,DNA,Sequenced,10.4,2/15/18,2,SN0142766,CCAGTTCA,Bafzelii,human,EU,,,,,,,,,,,,NA,,,,
64,B2321/13,,,583,,,,B2321/13,,EUDNAsamples,DNA,Sequenced,41.2,2/8/18,3,SN0142273,CAGATCTG,Bafzelii,human,EU,,,,,,,,,,,,NA,,,,
31,B2419/09,52,M,,,,,B2419/09,,EUDNAsamples,DNA,Sequenced,39.2,2/8/18,2,SN0142271,CATCAAGT,Bafzelii,human,EU,,1,0,EM,,,01.09.2009,yes,no,yes,B. afzelii,0,,,,
70,B2463/09,,,335,,,,B2463/09,,EUDNAsamples,DNA,Sequenced,5.32,2/8/18,3,SN0142272,CAATGGAA,Bafzelii,human,EU,,,,,,,,,,,,NA,,,,
3,B2470/09,48,F,560,,,,,,EUDNAsamples,DNA,Sequenced,17.4,1/19/18,1,SN0140937,AACGTGAT,Bafzelii,human,EU,,0,1,EM,,,3.9.2009,no,no,no,,0,,,,
24,B2515/13,,,467,,,,B2515/13,,EUDNAsamples,DNA,Sequenced,33.8,2/8/18,2,SN0142271,ATGCCTAA,Bafzelii,human,EU,,,,,,,,,,,,NA,,,,
74,B2526/13,,,,,,,B2526/13,,EUDNAsamples,DNA,Sequenced,3.44,2/8/18,3,SN0142272,CCAGTTCA,Bafzelii,human,EU,,,,,,,,,,,,NA,,,,
79,B263/12,47,F,557,,,,B263/12,,EUDNAsamples,DNA,Sequenced,23.8,2/8/18,3,SN0142270,CTGTAGCC,Bafzelii,human,EU,,0,1,EM,,,12.3.2012,no,no,no,B. afzelii,0,,,,
15,B2647/09,,,479,,,,B2647/09,,EUDNAsamples,DNA,Sequenced,8.92,2/15/18,"1,4",SN0142763,GACTAGTA,Bafzelii,human,EU,,,,,,,,,,,,NA,,,,
48,B2693/09,,,557,,,,B2693/09,,EUDNAsamples,DNA,Sequenced,21.5,2/8/18,2,SN0142269,GCCACATA,Bafzelii,human,EU,,,,,,,,,,,,NA,,,,
73,B2759/13,67,M,467,,,,B2759/13,,EUDNAsamples,DNA,Sequenced,12.5,2/8/18,3,SN0142272,CATACCAA,Bafzelii,human,EU,,1,0,EM,,,5.11.2013,no,no,no,B. afzelii,0,,,,
78,B2953/13,29,F,560,,,,B2953/13,,EUDNAsamples,DNA,Sequenced,13.5,2/8/18,3,SN0142270,ACAAGCTA,Bafzelii,human,EU,,0,1,EM,,,22.11.2013,no,no,no,B. afzelii,0,,,,
54,B2993/13,71,F,560,,,,B2993/13,,EUDNAsamples,DNA,Sequenced,13.7,2/8/18,2,SN0142270,TTCACGCA,Bafzelii,human,EU,,0,1,EM,,,26.11.2013,no,no,no,,0,,,,
20,B3081/13,69,F,557,,,,B3081/13,,EUDNAsamples,DNA,Sequenced,4.58,2/15/18,"1,4",SN0142766,CCGTGAGA,Bafzelii,human,EU,,0,1,EM,,,6.12.2013,no,no,no,B. afzelii,0,,,,
12,B431/14,,,560,,,,B431/14,,EUDNAsamples,DNA,Sequenced,48.4,1/19/18,1,SN0140937,CAGATCTG,Bafzelii,human,EU,,,,,,,,,,,,NA,,,,
82,B4471/15,,,542,,,,B4471/15,,EUDNAsamples,DNA,Sequenced,11.6,2/15/18,3,SN0142763,ATGCCTAA,Bafzelii,human,EU,,,,,,,,,,,,NA,,,,
55,B448/15,,,542,,,,B448/15,,EUDNAsamples,DNA,Sequenced,20.6,2/8/18,2,SN0142270,AGATGTAC,Bafzelii,human,EU,,,,,,,,,,,,NA,,,,
68,B467/13,71,M,560,,,,B467/13,,EUDNAsamples,DNA,Sequenced,14.3,2/8/18,3,SN0142272,AGTACAAG,Bafzelii,human,EU,,1,0,EM,,,10.5.2013,no,no,no,B. afzelii,0,,,,
43,B592/12,63,F,557,,,,B592/12,,EUDNAsamples,DNA,Sequenced,15.9,2/8/18,2,SN0142269,CAGCGTTA,Bafzelii,human,EU,,0,1,EM,,,30.5.2012,no,no,no,,0,,,,
23,B709/12,46,F,245,,,,B709/12,,EUDNAsamples,DNA,Sequenced,47.2,2/8/18,2,SN0142271,AAACATCG,Bgarinii,human,EU,,0,1,EM,,,13.6.2012,no,no,no,B. garinii,0,,,,
81,B756/13,54,F,71,,,,B756/13,,EUDNAsamples,DNA,Sequenced,15.6,2/15/18,3,SN0142763,AAACATCG,Bafzelii,human,EU,,0,1,EM,,,12.6.2013,yes,yes,yes,,0,,,,
9,B774/11,,,553,,,,B774/11,,EUDNAsamples,DNA,Sequenced,9.08,2/15/18,1,SN0142763,CATCAAGT,Bafzelii,human,EU,,,,,,,,,,,,NA,,,,
34,B779/11,65,F,467,,,,B779/11,,EUDNAsamples,DNA,Sequenced,36.8,2/8/18,2,SN0142271,AGTACAAG,Bafzelii,human,EU,,0,1,MEM,,,13.6.2011,no,no,no,B. afzelii,1,,,,
47,B800/12,,,557,,,,B800/12,,EUDNAsamples,DNA,Sequenced,15.7,2/8/18,2,SN0142269,CCGTGAGA,Bafzelii,human,EU,,,,,,,,,,,,NA,,,,
69,B818/13,,,557,,,,B818/13,,EUDNAsamples,DNA,Sequenced,4.9,2/8/18,3,SN0142272,ATTGAGGA,Bafzelii,human,EU,,,,,,,,,,,,NA,,,,
80,B822/11,60,F,734,,,,B822/11,,EUDNAsamples,DNA,Sequenced,11.6,2/15/18,3,SN0142763,AACGTGAT,Bgarinii,human,EU,,0,1,EM,,,15.6.2011,no,no,yes,B. garinii,0,,,,
17,B836/09,,,85,,,,B836/09,,EUDNAsamples,DNA,Sequenced,4.5,2/15/18,"1,4",SN0142766,ATTGAGGA,Bbav,human,EU,,,,,,,,,,,,NA,,,,
14,B896/13,50,F,545,1,,,B896/13,,EUDNAsamples,DNA,Sequenced,18.2,1/19/18,1,SN0140937,ATTGAGGA,EUBb,human,EU,,0,1,EM,,,26.6.2013,no,yes,no,B. burgdorferi,0,,,,
29,B994/11,46,M,85,,,,B994/11,,EUDNAsamples,DNA,Sequenced,22.8,2/8/18,2,SN0142271,ACATTGGC,Bbav,human,EU,,1,0,EM,,,24.6.2011,no,no,no,B. garinii,0,,,,
71,B997/14,,,700,,,,B997/14,,EUDNAsamples,DNA,Sequenced,32.4,2/8/18,3,SN0142272,CACTTCGA,Bafzelii,human,EU,,,,,,,,,,,,1,,,,
94,K1,49,m,1,1,1,A,,US1,KlemenBorreliaLane1,,Sequenced,,6/7/2018,,SN0150514,AAACATCG,USBb,human,US,Connecticut,1,0,,D,severe,,,,,,1,,,,
95,K10,53,m,1,1,1,A,,US10,KlemenBorreliaLane2,,Sequenced,,6/7/2018,,SN0150515,GCCACATA,USBb,human,US,Connecticut,1,0,,L,severe,,,,,,1,,,,
96,K11,34,f,3,2,2,K,,US11,KlemenBorreliaLane1,,Sequenced,,6/7/2018,,SN0150514,AGTACAAG,USBb,human,US,Connecticut,0,1,,D,severe,,,,,,1,,,,
97,K12,21,m,3,2,2,K,,US12,KlemenBorreliaLane1,,Sequenced,,6/7/2018,,SN0150514,ACATTGGC,USBb,human,US,Rhode Island,1,0,,D,severe,,,,,,1,,,,
98,K13,34,f,,,2,K,,US13,KlemenBorreliaLane2,,Sequenced,,6/7/2018,,SN0150515,CACTTCGA,USBb,human,US,Rhode Island,0,1,,D,moderate,,,,,,1,,,,
99,K14,45,f,3,2,2,K,,US14,LMFKlemenLane2,,Sequenced,,6/26/2018,,SN0152079,GTCTGTCA,USBb,human,US,Connecticut,0,1,,D,moderate,,,,,,1,,,,
100,K15,69,f,3,2,2,K,,US15,KlemenBorreliaLane3,,Sequenced,,6/7/2018,,SN0150512,CAGATCTG,USBb,human,US,Connecticut,0,1,,D,mild,,,,,,1,,,,
101,K16,26,m,9,1,2,N,,US16,KlemenBorreliaLane1,,Sequenced,,6/7/2018,,SN0150514,GACTAGTA,USBb,human,US,Rhode Island,1,0,,D,moderate,,,,,,1,,,,
102,K17,53,m,3,2,2,K,,US17,KlemenBorreliaLane1,,Sequenced,,6/7/2018,,SN0150514,CAGATCTG,USBb,human,US,Rhode Island,1,0,,L,mild,,,,,,0,,,,
103,K18,58,f,3,2,2,K,,US18,KlemenBorreliaLane2,,Sequenced,,6/7/2018,,SN0150515,CCTCCTGA,USBb,human,US,Rhode Island,0,1,,L,mild,,,,,,0,,,,
104,K19,67,f,9,1,2,N,,US19,KlemenBorreliaLane2,,Sequenced,,6/7/2018,,SN0150515,CAATGGAA,USBb,human,US,Rhode Island,0,1,,L,mild,,,,,,0,,,,
105,K2,74,f,1,1,1,A,,US2,KlemenBorreliaLane2,,Sequenced,,6/7/2018,,SN0150515,CCAGTTCA,USBb,human,US,Rhode Island,0,1,,D,moderate,,,,,,1,,,,
106,K20,64,f,8,1,2,F,,US20,KlemenBorreliaLane3,,Sequenced,,6/7/2018,,SN0150512,CGCTGATC,USBb,human,US,Rhode Island,0,1,,L,moderate,,,,,,0,,,,
107,K21,45,m,19,3,3,E,,US21,KlemenBorreliaLane2,,Sequenced,,6/7/2018,,SN0150515,AGTACAAG,USBb,human,US,Connecticut,1,0,,D,severe,,,,,,1,,,,
108,K22,36,m,38,2,3,D,,US22,KlemenBorreliaLane1,,Sequenced,,6/7/2018,,SN0150514,CATCAAGT,USBb,human,US,Rhode Island,1,0,,D,mild,,,,,,1,,,,
109,K23,44,m,16,3,3,I,,US23,KlemenBorreliaLane3,,Sequenced,,6/7/2018,,SN0150512,GTGTTCTA,USBb,human,US,Connecticut,1,0,,L,severe,,,,,,0,,,,
110,K24,52,f,14,2,3,G,,US24,KlemenBorreliaLane2,,Sequenced,,6/7/2018,,SN0150515,CCGTGAGA,USBb,human,US,Connecticut,0,1,,L,severe,,,,,,0,,,,
111,K25,43,m,16,3,3,I,,US25,KlemenBorreliaLane3,,Sequenced,,6/7/2018,,SN0150512,AACGTGAT,USBb,human,US,Rhode Island,1,0,,D,severe,,,,,,1,,,,
112,K26,48,f,16,3,3,I,,US26,KlemenBorreliaLane3,,Sequenced,,6/7/2018,,SN0150512,TTCACGCA,USBb,human,US,Rhode Island,0,1,,L,mild,,,,,,0,,,,
113,K27,36,f,16,3,3,I,,US27,KlemenBorreliaLane2,,Sequenced,,6/7/2018,,SN0150515,CCGAAGTA,USBb,human,US,Rhode Island,0,1,,L,severe,,,,,,0,,,,
114,K28,41,m,14,2,3,G,,US28,KlemenBorreliaLane3,,Sequenced,,6/7/2018,,SN0150512,GTCTGTCA,USBb,human,US,Rhode Island,1,0,,L,mild,,,,,,0,,,,
115,K29,56,f,19,3,3,E,,US29,KlemenBorreliaLane1,,Sequenced,,6/7/2018,,SN0150514,AGTGGTCA,USBb,human,US,Rhode Island,0,1,,L,severe,,,,,,0,,,,
116,K3,43,f,1,1,1,A,,US3,KlemenBorreliaLane2,,Sequenced,,6/7/2018,,SN0150515,ATTGAGGA,USBb,human,US,Rhode Island,0,1,,D,moderate,,,,,,1,,,,
117,K30,52,m,16,3,3,I,,US30,KlemenBorreliaLane2,,Sequenced,,6/7/2018,,SN0150515,CATACCAA,USBb,human,US,Rhode Island,1,0,,L,moderate,,,,,,0,,,,
118,K31,42,m,59,1,1,B,,US31,LMFKlemenLane2,,Sequenced,,6/26/2018,,SN0152079,GTGTTCTA,USBb,human,US,Rhode Island,1,0,,L,moderate,,,,,,0,,,,
119,K32,57,m,36,1,2,N,,US32,LMFKlemenLane1,,Sequenced,,6/26/2018,,SN0151889,AGTACAAG,USBb,human,US,Rhode Island,1,0,,D,mild,,,,,,1,,,,
120,K33,38,f,59,1,1,B,,US33,LMFKlemenLane1,,Sequenced,,6/26/2018,,SN0151889,ATTGAGGA,USBb,human,US,Connecticut,0,1,,D,severe,,,,,,1,,,,
121,K34,16,m,1,1,1,A,,US34,LMFKlemenLane1,,Sequenced,,6/26/2018,,SN0151889,GACTAGTA,USBb,human,US,Rhode Island,1,0,,L,mild,,,,,,0,,,,
122,K35,66,m,7,1,1,B,,US35,LMFKlemenLane2,,Sequenced,,6/26/2018,,SN0152079,TTCACGCA,USBb,human,US,Rhode Island,1,0,,D,moderate,,,,,,1,,,,
123,K36,52,f,3,2,,,,US36,LMFKlemenLane1,,Sequenced,,6/26/2018,,SN0151889,CAATGGAA,USBb,human,US,Rhode Island,0,1,,D,severe,,,,,,1,,,,
124,K37,70,f,1,1,1,A,,US37,LMFKlemenLane1,,Sequenced,,6/26/2018,,SN0151889,CACTTCGA,USBb,human,US,Rhode Island,0,1,,L,severe,,,,,,0,,,,
125,K38,15,m,3,2,2,K,,US38,LMFKlemenLane1,,Sequenced,,6/26/2018,,SN0151889,CAGCGTTA,USBb,human,US,Connecticut,1,0,,D,severe,,,,,,1,,,,
126,K39,57,m,1,1,1,A,,US39,LMFKlemenLane1,,Sequenced,,6/26/2018,,SN0151889,CATACCAA,USBb,human,US,Connecticut,1,0,,D,severe,,,,,,1,,,,
127,K4,48,f,1,1,1,A,,US4,LMFKlemenLane2,,Sequenced,,6/26/2018,,SN0152079,CGCTGATC,USBb,human,US,Rhode Island,0,1,,D,severe,,,,,,1,,,,
128,K40,37,f,3,2,2,K,,US40,LMFKlemenLane1,,Sequenced,,6/26/2018,,SN0151889,CCAGTTCA,USBb,human,US,Rhode Island,0,1,,L,moderate,,,,,,0,,,,
129,K41,37,f,1,1,1,A,,US41,LMFKlemenLane2,,Sequenced,,6/26/2018,,SN0152079,AGATGTAC,USBb,human,US,Rhode Island,0,1,,D,severe,,,,,,1,,,,
130,K42,45,m,3,2,2,K,,US42,LMFKlemenLane1,,Sequenced,,6/26/2018,,SN0151889,CCGAAGTA,USBb,human,US,Connecticut,1,0,,L,moderate,,,,,,0,,,,
131,K43,39,f,3,2,2,K,,US43,LMFKlemenLane1,,Sequenced,,6/26/2018,,SN0151889,CCGTGAGA,USBb,human,US,Rhode Island,0,1,,D,moderate,,,,,,1,,,,
132,K44,49,m,59,1,1,B,,US44,LMFKlemenLane1,,Sequenced,,6/26/2018,,SN0151889,CCTCCTGA,USBb,human,US,Rhode Island,1,0,,D,moderate,,,,,,1,,,,
133,K45,56,f,59,1,1,B,,US45,LMFKlemenLane1,,Sequenced,,6/26/2018,,SN0151889,GCCACATA,USBb,human,US,Rhode Island,0,1,,D,moderate,,,,,,1,,,,
134,K46,49,m,new st,2,2,I,,US46,LMFKlemenLane2,,Sequenced,,6/26/2018,,SN0152079,AACGTGAT,USBb,human,US,Rhode Island,1,0,,D,severe,,cd ,,,,1,,,,
135,K47,32,m,,1,2,N,,US47,LMFKlemenLane2,,Sequenced,,6/26/2018,,SN0152079,ACCACTGT,USBb,human,US,Rhode Island,1,0,,D,severe,,,,,,1,,,,
136,K48,20,m,54,3,2,H,,US48,LMFKlemenLane2,,Sequenced,,6/26/2018,,SN0152079,ACATTGGC,USBb,human,US,Connecticut,1,0,,L,severe,,,,,,0,,,,
137,K49,49,m,3,2,2,K,,US49,LMFKlemenLane2,,Sequenced,,6/26/2018,,SN0152079,CAGATCTG,USBb,human,US,Connecticut,1,0,,L,mild,,,,,,0,,,,
138,K5,55,m,1,1,1,A,,US5,LMFKlemenLane2,,Sequenced,,6/26/2018,,SN0152079,ACAAGCTA,USBb,human,US,Rhode Island,1,0,,L,severe,,,,,,0,,,,
139,K50,63,f,59,1,2,B,,US50,LMFKlemenLane2,,Sequenced,,6/26/2018,,SN0152079,CATCAAGT,USBb,human,US,Rhode Island,0,1,,L,mild,,,,,,0,,,,
140,K51,39,m,3,,2,K,,US51,KLisolateslane1of4,,Sequenced,,8/1/2018,,SN0154236,AACGTGAT,USBb,human,US,Rhode Island,1,0,,L,mild,,,,,,0,,,,
141,K52,32,m,9,1,2,N,,US52,KLisolateslane1of4,,Sequenced,,8/1/2018,,SN0154236,AAACATCG,USBb,human,US,Rhode Island,1,0,,L,severe,,,,,,0,,,,
142,K53,70,m,3,2,2,K,,US53,KLisolateslane1of4,,Sequenced,,8/1/2018,,SN0154236,ATGCCTAA,USBb,human,US,Rhode Island,1,0,,D,severe,,,,,,1,,,,
143,K54,67,f,36,1,2,N,,US54,KLisolateslane1of4,,Sequenced,,8/1/2018,,SN0154236,AGTGGTCA,USBb,human,US,Rhode Island,0,1,,D,moderate,,,,,,1,,,,
144,K55,41,f,59,1,1,B,,US55,KLisolateslane1of4,,Sequenced,,8/1/2018,,SN0154236,ACCACTGT,USBb,human,US,Rhode Island,0,1,,L,mild,,,,,,0,,,,
145,K56,59,m,3,2,2,K,,US56,KLisolateslane1of4,,Sequenced,,8/1/2018,,SN0154236,ACATTGGC,USBb,human,US,Rhode Island,1,0,,L,moderate,,,,,,0,,,,
146,K57,78,f,1,1,1,A,,US57,KLisolateslane1of4,,Sequenced,,8/1/2018,,SN0154236,CAGATCTG,USBb,human,US,Rhode Island,0,1,,D,severe,,,,,,1,,,,
147,K58,36,f,1,1,1,A,,US58,KLisolateslane1of4,,Sequenced,,8/1/2018,,SN0154236,CATCAAGT,USBb,human,US,Rhode Island,0,1,,D,severe,,,,,,1,,,,
148,K59,43,f,3,2,2,K,,US59,KLisolateslane1of4,,Sequenced,,8/1/2018,,SN0154236,AGTACAAG,USBb,human,US,Rhode Island,0,1,,L,severe,,,,,,0,,,,
149,K6,58,f,1,1,1,A,,US6,KlemenBorreliaLane1,,Sequenced,,6/7/2018,,SN0150514,ATGCCTAA,USBb,human,US,Rhode Island,0,1,,L,severe,,,,,,0,,,,
150,K60,52,m,,1,1,A,,US60,KLisolateslane1of4,,Sequenced,,8/1/2018,,SN0154236,GACTAGTA,USBb,human,US,Rhode Island,1,0,,D,mild,,,,,,1,,,,
151,K61,41,f,3,2,2,K,,US61,KLisolateslane2of4,,Sequenced,,8/1/2018,,SN0154239,AGTACAAG,USBb,human,US,Connecticut,0,1,,D,moderate,,,,,,1,,,,
152,K62,57,f,4,2,2,H,,US62,KLisolateslane2of4,,Sequenced,,8/1/2018,,SN0154239,ATTGAGGA,USBb,human,US,Rhode Island,0,1,,L,severe,,,,,,0,,,,
153,K63,45,m,1,1,1,A,,US63,KLisolateslane2of4,,Sequenced,,8/1/2018,,SN0154239,CACTTCGA,USBb,human,US,Rhode Island,1,0,,D,mild,,,,,,1,,,,
154,K64,39,m,1,1,1,A,,US64,KLisolateslane2of4,,Sequenced,,8/1/2018,,SN0154239,CAGCGTTA,USBb,human,US,Rhode Island,1,0,,D,severe,,,,,,1,,,,
155,K65,52,f,36,1,2,N,,US65,KLisolateslane2of4,,Sequenced,,8/1/2018,,SN0154239,CATACCAA,USBb,human,US,Connecticut,0,1,,D,mild,,,,,,1,,,,
156,K66,67,f,1,1,1,A,,US66,KLisolateslane2of4,,Sequenced,,8/1/2018,,SN0154239,CCAGTTCA,USBb,human,US,Rhode Island,0,1,,D,moderate,,,,,,1,,,,
157,K67,56,f,59,1,1,B,,US67,KLisolateslane2of4,,Sequenced,,8/1/2018,,SN0154239,CCGAAGTA,USBb,human,US,Rhode Island,0,1,,D,severe,,,,,,1,,,,
158,K68,67,m,9,1,2,N,,US68,KLisolateslane2of4,,Sequenced,,8/1/2018,,SN0154239,CCGTGAGA,USBb,human,US,Rhode Island,1,0,,D,moderate,,,,,,1,,,,
159,K69,29,m,1,1,1,A,,US69,KLisolateslane2of4,,Sequenced,,8/1/2018,,SN0154239,CCTCCTGA,USBb,human,US,Connecticut,1,0,,L,mild,,,,,,0,,,,
160,K7,59,f,1,1,1,A,,US7,KlemenBorreliaLane3,,Sequenced,,6/7/2018,,SN0150512,ACAAGCTA,USBb,human,US,Rhode Island,0,1,,L,severe,,,,,,0,,,,
161,K70,38,m,3,2,2,K,,US70,KLisolateslane2of4,,Sequenced,,8/1/2018,,SN0154239,GCCACATA,USBb,human,US,Connecticut,1,0,,D,moderate,,,,,,1,,,,
162,K71,53,f,1,1,1,A,,US71,KLisolateslane3of4,,Sequenced,,8/1/2018,,SN0154237,CAGATCTG,USBb,human,US,Rhode Island,0,1,,L,moderate,,,,,,0,,,,
163,K72,55,f,3,2,2,K,,US72,KLisolateslane3of4,,Sequenced,,8/1/2018,,SN0154237,CATCAAGT,USBb,human,US,Connecticut,0,1,,L,moderate,,,,,,0,,,,
164,K73,54,f,1,1,1,A,,US73,KLisolateslane3of4,,Sequenced,,8/1/2018,,SN0154237,CGCTGATC,USBb,human,US,Rhode Island,0,1,,D,severe,,,,,,1,,,,
165,K74,18,m,1,1,1,A,,US74,KLisolateslane3of4,,Sequenced,,8/1/2018,,SN0154237,ACAAGCTA,USBb,human,US,Rhode Island,1,0,,D,mild,,,,,,1,,,,
166,K75,42,f,3,2,2,K,,US75,KLisolateslane3of4,,Sequenced,,8/1/2018,,SN0154237,CTGTAGCC,USBb,human,US,Rhode Island,0,1,,L,moderate,,,,,,0,,,,
167,K76,24,m,4,2,2,H,,US76,KLisolateslane3of4,,Sequenced,,8/1/2018,,SN0154237,CCGAAGTA,USBb,human,US,Connecticut,1,0,,D,severe,,,,,,1,,,,
168,K77,41,m,3,2,2,K,,US77,KLisolateslane3of4,,Sequenced,,8/1/2018,,SN0154237,GTCTGTCA,USBb,human,US,Rhode Island,1,0,,D,severe,,,,,,1,,,,
169,K78,49,m,16,3,3,I,,US78,KLisolateslane3of4,,Sequenced,,8/1/2018,,SN0154237,GTGTTCTA,USBb,human,US,Rhode Island,1,0,,D,moderate,,,,,,1,,,,
170,K79,39,m,4,2,2,H,,US79,KLisolateslane3of4,,Sequenced,,8/1/2018,,SN0154237,TTCACGCA,USBb,human,US,Connecticut,1,0,,D,severe,,,,,,1,,,,
171,K8,78,m,1,1,1,A,,US8,LMFKlemenLane2,,Sequenced,,6/26/2018,,SN0152079,CTGTAGCC,USBb,human,US,Connecticut,1,0,,D,severe,,,,,,1,,,,
172,K80,66,f,,,3,E,,US80,KLisolateslane3of4,,Sequenced,,8/1/2018,,SN0154237,AGATGTAC,USBb,human,US,Connecticut,0,1,,L,mild,,,,,,0,,,,
173,K81,46,f,36,1,2,N,,US81,KLisolateslane4of4,,Sequenced,,8/1/2018,,SN0154238,AAACATCG,USBb,human,US,Rhode Island,0,1,,L,severe,,,,,,0,,,,
174,K82,35,f,3,2,2,K,,US82,KLisolateslane4of4,,Sequenced,,8/1/2018,,SN0154238,ATGCCTAA,USBb,human,US,Rhode Island,0,1,,L,severe,,,,,,0,,,,
175,K83,45,m,3,2,2,K,,US83,KLisolateslane4of4,,Sequenced,,8/1/2018,,SN0154238,ACCACTGT,USBb,human,US,Rhode Island,1,0,,L,moderate,,,,,,0,,,,
176,K84,51,m,59,1,1,B,,US84,KLisolateslane4of4,,Sequenced,,8/1/2018,,SN0154238,ACATTGGC,USBb,human,US,Connecticut,1,0,,D,moderate,,,,,,1,,,,
177,K85,74,m,1,1,1,A,,US85,KLisolateslane4of4,,Sequenced,,8/1/2018,,SN0154238,CAGATCTG,USBb,human,US,Rhode Island,1,0,,L,moderate,,,,,,0,,,,
178,K86,31,f,1,1,1,A,,US86,KLisolateslane4of4,,Sequenced,,8/1/2018,,SN0154238,CATCAAGT,USBb,human,US,Rhode Island,0,1,,D,severe,,,,,,1,,,,
179,K87,59,m,59,1,1,B,,US87,KLisolateslane4of4,,Sequenced,,8/1/2018,,SN0154238,ATTGAGGA,USBb,human,US,Connecticut,1,0,,L,severe,,,,,,0,,,,
180,K88,82,f,3,2,2,K,,US88,KLisolateslane4of4,,Sequenced,,8/1/2018,,SN0154238,GCCACATA,USBb,human,US,Rhode Island,0,1,,L,mild,,,,,,0,,,,
181,K89,75,f,,,mixed,A/I,,US89,KLisolateslane4of4,,Sequenced,,8/1/2018,,SN0154238,GTCTGTCA,USBb,human,US,Rhode Island,0,1,,D,moderate,,,,,,1,,,,
182,K9,49,m,1,1,1,A,,US9,KlemenBorreliaLane3,,Sequenced,,6/7/2018,,SN0150512,AGATGTAC,USBb,human,US,Rhode Island,1,0,,L,moderate,,,,,,0,,,,
183,K90,39,f,59,1,1,B,,US90,KLisolateslane4of4,,Sequenced,,8/1/2018,,SN0154238,GTGTTCTA,USBb,human,US,Connecticut,0,1,,L,severe,,,,,,0,,,,
214,K91,52,f,3,2,2,K,,US91,EUDNAsampleLane1,,Sequenced,,8/16/2018,,SN0155389,AACGTGAT,USBb,human,US,Rhode Island,0,1,,L,mild,,,,,,0,,,,
215,K92,48,m,1,1,1,A,,US92,EUDNAsampleLane1,,Sequenced,,8/16/2018,,SN0155389,AAACATCG,USBb,human,US,Rhode Island,1,0,,L,severe,,,,,,0,,,,
184,KA1,42,m,59,1,,,,A1,KlemenBorreliaLane1,,Sequenced,,6/7/2018,,SN0150514,ACCACTGT,USBb,human,US,Rhode Island,1,0,,L,severe,,,,,,0,,,,
185,KA2,55,f,59,1,,,,A2,KlemenBorreliaLane1,,Sequenced,,6/7/2018,,SN0150514,AACGTGAT,USBb,human,US,Rhode Island,0,1,,L,mild,,,,,,0,,,,
186,KA3,57,m,16,3,,,,A3,KlemenBorreliaLane3,,Sequenced,,6/7/2018,,SN0150512,CTGTAGCC,USBb,human,US,Rhode Island,1,0,,L,moderate,,,,,,0,,,,
187,KA4,,m,14,2,,,,A4,KlemenBorreliaLane3,,Sequenced,,6/7/2018,,SN0150512,CATCAAGT,USBb,human,US,Rhode Island,1,0,,L,mild,,,,,,0,,,,
188,KA5,64,f,9,1,,,,A5,KlemenBorreliaLane2,,Sequenced,,6/7/2018,,SN0150515,CAGCGTTA,USBb,human,US,Rhode Island,0,1,,L,moderate,,,,,,0,,,,
189,KA6,52,f,37,2,,,,A6,KlemenBorreliaLane3,,Sequenced,,6/7/2018,,SN0150512,CCGAAGTA,USBb,human,US,Rhode Island,0,1,,L,moderate,,,,,,0,,,,
258,L100,67,f,557,,,,EUBb100,EU100,EUDNAsampleLane5,,Sequenced,,8/16/2018,,SN0155367,CTAAGGTC,Bafzelii,human,EU,,,,ACA,,,14.1.2013,no,,no,B. afzelii,1,1,,,
240,L101,67,f,557,,,,EUBb101,EU101,EUDNAsampleLane3,,Sequenced,,8/16/2018,,SN0155376,GTGTTCTA,Bafzelii,human,EU,,,,ACA,,,6.9.2013,no,,no,B. afzelii,1,1,,,
241,L103,70,m,335,,,,EUBb103,EU103,EUDNAsampleLane3,,Sequenced,,8/16/2018,,SN0155376,TTCACGCA,Bafzelii,human,EU,,,,ACA,,,9.6.2010,yes,,no,B. afzelii,1,1,,,
226,L104,77,f,71,,,,EUBb104,EU104,EUDNAsampleLane2,,Sequenced,,8/16/2018,,SN0155395,CAGCGTTA,Bafzelii,human,EU,,,,ACA,,,9.9.2014,yes,,no,B. afzelii,1,1,,,
248,L105,76,f,557,,,,EUBb105,EU105,EUDNAsampleLane4,,Sequenced,,8/16/2018,,SN0155387,CATCAAGT,Bafzelii,human,EU,,,,ACA,,,14.5.2007,no,,no,B. afzelii,1,1,,,
259,L106,69,f,587,,,,EUBb106,EU106,EUDNAsampleLane5,,Sequenced,,8/16/2018,,SN0155367,GAACAGGC,Bafzelii,human,EU,,,,ACA,,,3.12.2014,no,,no,B. afzelii,1,1,,,
249,L107,39,m,new ST,,,,EUBb107,EU107,EUDNAsampleLane4,,Sequenced,,8/16/2018,,SN0155387,ATTGAGGA,Bafzelii,human,EU,,,,ACA,,,30.1.2013,yes,,no,B. afzelii,1,1,,,
233,L108,57,f,554,,,,EUBb108,EU108,EUDNAsampleLane3,,Sequenced,,8/16/2018,,SN0155376,CAGATCTG,Bafzelii,human,EU,,,,ACA,,,12.9.2008,yes,,yes,B. afzelii,1,1,,,
227,L109,78,f,85,,,,EUBb109,EU109,EUDNAsampleLane2,,Sequenced,,8/16/2018,,SN0155395,CATACCAA,Bbav,human,EU,,,,ACA,,,8.6.2010,no,,yes,B. garinii,1,1,,,
250,L110,84,f,new ST,,,,EUBb110,EU110,EUDNAsampleLane4,,Sequenced,,8/16/2018,,SN0155387,GCCACATA,Bafzelii,human,EU,,,,ACA,,,17.5.2006,yes,,yes,B. afzelii,1,1,,,
251,L111,83,f,560,,,,EUBb111,EU111,EUDNAsampleLane4,,Sequenced,,8/16/2018,,SN0155387,GTCTGTCA,Bafzelii,human,EU,,,,ACA,,,14.1.2009,yes,,no,B. afzelii,1,1,,,
242,L112,80,m,71,,,,EUBb112,EU112,EUDNAsampleLane3,,Sequenced,,8/16/2018,,SN0155376,AGATGTAC,Bafzelii,human,EU,,,,ACA,,,5.4.2013,no,,no,B. afzelii,1,1,,,
219,L113,65,f,24,2,,,EUBb113,,EUDNAsampleLane1,,Sequenced,,8/16/2018,,SN0155389,ACATTGGC,EUBb,human,EU,,,,ACA,,,22.5.2006,yes,,yes,B. burgdorferi,1,1,,,
228,L114,57,f,474,,,,EUBb114,EU114,EUDNAsampleLane2,,Sequenced,,8/16/2018,,SN0155395,CCAGTTCA,Bafzelii,human,EU,,,,ACA,,,5.12.2011,yes,,no,B. afzelii,1,1,,,
260,L115,63,f,335,,,,EUBb115,EU115,EUDNAsampleLane5,,Sequenced,,8/16/2018,,SN0155367,GACAGTGC,Bafzelii,human,EU,,,,ACA,,,21.2.2013,no,,no,B. afzelii,1,1,,,
220,L116,70,f,new ST,,,,EUBb116,,EUDNAsampleLane1,,Sequenced,,8/16/2018,,SN0155389,CAGATCTG,Bafzelii,human,EU,,,,ACA,,,28.2.2011,no,,no,B. afzelii,1,1,,,
243,L117,59,f,335,,,,EUBb117,EU117,EUDNAsampleLane4,,Sequenced,,8/16/2018,,SN0155387,AAACATCG,Bafzelii,human,EU,,,,ACA,,,13.7.2011,no,,no,B. afzelii,1,1,,,
261,L118,68,f,,,,,EUBb118,EU118,EUDNAsampleLane5,,Sequenced,,8/16/2018,,SN0155367,GAGTTAGC,Bafzelii,human,EU,,,,ACA,,,11.12.2014,yes,,yes,B. afzelii,1,1,,,
234,L119,49,f,583,,,,EUBb119,EU119,EUDNAsampleLane3,,Sequenced,,8/16/2018,,SN0155376,CATCAAGT,Bafzelii,human,EU,,,,ACA,,,21.8.2012,yes,,yes,B. afzelii,1,1,,,
244,L120,50,f,562,,,,EUBb120,EU120,EUDNAsampleLane4,,Sequenced,,8/16/2018,,SN0155387,ATGCCTAA,Bafzelii,human,EU,,,,ACA,,,9.5.2013,yes,,no,B. afzelii,1,1,,,
252,L121,76,f,121,,,,EUBb121,EU121,EUDNAsampleLane4,,Sequenced,,8/16/2018,,SN0155387,GTGTTCTA,Bafzelii,human,EU,,,,ACA,,,20.6.2006,yes,,no,B. afzelii,1,1,,,
235,L122,70,f,479,,,,EUBb122,EU122,EUDNAsampleLane3,,Sequenced,,8/16/2018,,SN0155376,CGCTGATC,Bafzelii,human,EU,,,,ACA,,,9.9.2013,no,,yes,B. afzelii,1,1,,,
221,L123,60,f,335,,,,EUBb123,,EUDNAsampleLane1,,Sequenced,,8/16/2018,,SN0155389,CATCAAGT,Bafzelii,human,EU,,,,ACA,,,19.3.2007,no,,no,B. afzelii,1,1,,,
229,L124,65,m,new ST,,,,EUBb124,EU124,EUDNAsampleLane2,,Sequenced,,8/16/2018,,SN0155395,CCGAAGTA,Bafzelii,human,EU,,,,ACA,,,30.9.2013,no,,no,B. afzelii,1,1,,,
245,L125,78,f,335,,,,EUBb125,EU125,EUDNAsampleLane4,,Sequenced,,8/16/2018,,SN0155387,ACCACTGT,Bafzelii,human,EU,,,,ACA,,,6.5.2014,yes,,no,B. afzelii,1,1,,,
236,L126,67,m,335,,,,EUBb126,EU126,EUDNAsampleLane3,,Sequenced,,8/16/2018,,SN0155376,ACAAGCTA,Bafzelii,human,EU,,,,ACA,,,24.9.2012,no,,no,B. afzelii,1,1,,,
253,L127,64,f,71,,,,EUBb127,EU127,EUDNAsampleLane5,,Sequenced,,8/16/2018,,SN0155367,AACGTGAT,Bafzelii,human,EU,,,,ACA,,,19.5.2014,no,,no,B. afzelii,1,1,,,
237,L128,72,f,,,,,EUBb128,EU128,EUDNAsampleLane3,,Sequenced,,8/16/2018,,SN0155376,CTGTAGCC,,human,EU,,,,ACA,,,13.4.2012,yes,,no,B. afzelii,1,1,,,
230,L84,57,m,85,,,,EUBb84,EU84,EUDNAsampleLane2,,Sequenced,,8/16/2018,,SN0155395,CCGTGAGA,Bbav,human,EU,,,,LNB,,,30.7.2013,yes,,no,B. garinii,1,,1,,
222,L85,53,f,86,,,,EUBb85,,EUDNAsampleLane1,,Sequenced,,8/16/2018,,SN0155389,GACTAGTA,Bgarinii,human,EU,,,,LNB,,,6.8.2014,yes,,no,?,1,,1,,
254,L86,53,f,85,,,,EUBb86,EU86,EUDNAsampleLane5,,Sequenced,,8/16/2018,,SN0155367,AAACATCG,Bbav,human,EU,,,,LNB,,,22.8.2012,yes,,yes,B. garinii,1,,1,,
231,L87,44,f,85,,,,EUBb87,EU87,EUDNAsampleLane2,,Sequenced,,8/16/2018,,SN0155395,CCTCCTGA,Bbav,human,EU,,,,LNB,,,11.5.2011,yes,,no,B. garinii,1,,1,,
223,L88,50,f,86,,,,EUBb88,EU88,EUDNAsampleLane2,,Sequenced,,8/16/2018,,SN0155395,AGTACAAG,Bgarinii,human,EU,,,,LNB,,,9.8.2010,yes,,yes,B. garinii,1,,1,,
216,L89,61,f,469,,,,EUBb89,,EUDNAsampleLane1,,Sequenced,,8/16/2018,,SN0155389,ATGCCTAA,Bafzelii,human,EU,,,,LNB,,,17.7.2006,yes,,yes,B. afzelii,1,,1,,
255,L90,77,f,85,,,,EUBb90,EU90,EUDNAsampleLane5,,Sequenced,,8/16/2018,,SN0155367,CCTCTATC,Bbav,human,EU,,,,LNB,,,4.6.2013,yes,,no,B. garinii,1,,1,,
256,L91,72,f,85,,,,EUBb91a,EU91,EUDNAsampleLane5,,Sequenced,,8/16/2018,,SN0155367,CGACACAC,Bbav,human,EU,,,,LNB,,,9.9.2014,yes,,yes,?,1,,1,,
246,L91B,72,f,85,,,,EUBb91b,EU91B,EUDNAsampleLane4,,Sequenced,,8/16/2018,,SN0155387,ACATTGGC,Bbav,human,EU,,,,LNB,,,9.9.2014,yes,,yes,?,1,,1,,
238,L92,79,m,85,,,,EUBb92,EU92,EUDNAsampleLane3,,Sequenced,,8/16/2018,,SN0155376,CCGAAGTA,Bbav,human,EU,,,,LNB,,,6.7.2012,yes,,no,B. garinii,1,,1,,
224,L93,51,m,86,,,,EUBb93,EU93,EUDNAsampleLane2,,Sequenced,,8/16/2018,,SN0155395,ATTGAGGA,Bgarinii,human,EU,,,,LNB,,,30.8.2011,yes,,no,B. garinii,1,,1,,
217,L94,69,f,86,,,,EUBb94,,EUDNAsampleLane1,,Sequenced,,8/16/2018,,SN0155389,AGTGGTCA,Bgarinii,human,EU,,,,LNB,,,7.10.2013,yes,,no,B. garinii,1,,1,,
218,L95,71,m,71,,,,EUBb95,,EUDNAsampleLane1,,Sequenced,,8/16/2018,,SN0155389,ACCACTGT,Bafzelii,human,EU,,,,ACA,,,30.9.2009,yes,,no,B. afzelii,1,1,,,
225,L96,46,f,587,,,,EUBb96,EU96,EUDNAsampleLane2,,Sequenced,,8/16/2018,,SN0155395,CACTTCGA,Bafzelii,human,EU,,,,ACA,,,7.5.2013,no,,yes,B. afzelii,1,1,,,
257,L97,70,f,557,,,,EUBb97,EU97,EUDNAsampleLane5,,Sequenced,,8/16/2018,,SN0155367,CGGATTGC,Bafzelii,human,EU,,,,ACA,,,30.6.2014,no,,no,B. afzelii,1,1,,,
239,L98,61,m,557,,,,EUBb98,EU98,EUDNAsampleLane3,,Sequenced,,8/16/2018,,SN0155376,GTCTGTCA,Bafzelii,human,EU,,,,ACA,,,20.5.2013,no,,no,B. afzelii,1,1,,,
247,L99A,82,f,581,,,,EUBb99a,EU99A,EUDNAsampleLane4,,Sequenced,,8/16/2018,,SN0155387,CAGATCTG,Bafzelii,human,EU,,,,ACA,,,10.12.2007,no,,yes,B. afzelii,1,1,,,
232,L99B,82,f,335,,,,EUBb99b,EU99B,EUDNAsampleLane2,,Sequenced,,8/16/2018,,SN0155395,GCCACATA,Bafzelii,human,EU,,,,ACA,,,10.12.2007,no,,yes,B. afzelii,1,1,,,
190,N11zymo,50,m,36,1,,,,N11,LymeLane2,,Sequenced,,8/10/2016,,SN0106241,CGATGT,USBb,human,US,Nantucket,1,0,,L,mild,,,,,,0,,,,
191,N13,45,m,59,1,,,,N13,LymeLane1,,Sequenced,,8/10/2016,,SN0106241,GATCAG,USBb,human,US,Nantucket,1,0,,L,mild,,,,,,0,,,,
192,N15zymox2,24,m,36,1,,,,N15,LymeLane2,,Sequenced,,8/10/2016,,SN0106241,TGACCA,USBb,human,US,Nantucket,1,0,,L,mild,,,,,,0,,,,
193,N17zymo,27,m,1,1,,,,N17,LymeLane2,,Sequenced,,8/10/2016,,SN0106241,ACAGTG,USBb,human,US,Nantucket,1,0,,D,moderate,,,,,,1,,,,
194,N19zymo,54,m,1,1,,,,N19,LymeLane2,,Sequenced,,8/10/2016,,SN0106241,GCCAAT,USBb,human,US,Nantucket,1,0,,L,moderate,,,,,,0,,,,
195,N2,52,f,3,2,,,,N2,LymeLane1,,Sequenced,,8/10/2016,,SN0106241,ATCACG,USBb,human,US,Nantucket,0,1,,L,severe,,,,,,0,,,,
196,N20zymo,48,f,797,1,,,,N20,LymeLane2,,Sequenced,,8/10/2016,,SN0106241,CAGATC,USBb,human,US,Nantucket,0,1,,L,mild,,,,,,0,,,,
197,N21,62,f,38,2,,,,N21,LymeLane1,,Sequenced,,8/10/2016,,SN0106241,TAGCTT,USBb,human,US,Nantucket,0,1,,L,mild,,,,,,0,,,,
198,N23zymo,78,m,1,1,,,,N23,LymeLane2,,Sequenced,,8/10/2016,,SN0106241,GATCAG,USBb,human,US,Nantucket,1,0,,L,severe,,,,,,0,,,,
199,N25zymo,24,m,59,1,,,,N25,LymeLane2,,Sequenced,,8/10/2016,,SN0106241,CTTGTA,USBb,human,US,Nantucket,1,0,,L,moderate,,,,,,0,,,,
200,N30,21,m,1,1,,,,N30,LymeLane1,,Sequenced,,8/10/2016,,SN0106241,GGCTAC,USBb,human,US,Nantucket,1,0,,L,mild,,,,,,0,,,,
201,N31zymo,60,m,3,2,,,,N31,LymeLane2,,Sequenced,,8/10/2016,,SN0106241,ATCACG,USBb,human,US,Nantucket,1,0,,L,mild,,,,,,0,,,,
202,N32zymo,49,f,59,1,,,,N32,LymeLane2,,Sequenced,,8/10/2016,,SN0106241,TAGCTT,USBb,human,US,Nantucket,0,1,,L,moderate,,,,,,0,,,,
203,N4zymo,57,m,8,1,,,,N4,LymeLane2,,Sequenced,,8/10/2016,,SN0106241,GGCTAC,USBb,human,US,Nantucket,1,0,,L,severe,,,,,,0,,,,
204,N7,23,m,3,2,,,,N7,LymeLane1,,Sequenced,,8/10/2016,,SN0106241,TTAGGC,USBb,human,US,Nantucket,1,0,,L,severe,,,,,,0,,,,
205,N9,72,m,3,2,,,,N9,LymeLane1,,Sequenced,,8/10/2016,,SN0106241,ACTTGA,USBb,human,US,Nantucket,1,0,,L,moderate,,,,,,0,,,,
206,R10,51,m,9,1,,,,R10,LymeLane1,,Sequenced,,8/10/2016,,SN0106241,CAGATC,USBb,human,US,Rhode Island,1,0,,L,moderate,,,,,,0,,,,
207,R11,57,f,3,2,,,,R11,LymeLane1,,Sequenced,,8/10/2016,,SN0106241,CTTGTA,USBb,human,US,Rhode Island,0,1,,L,mild,,,,,,0,,,,
208,R12zymox2,46,m,1,1,,,,R12,LymeLane2,,Sequenced,,8/10/2016,,SN0106241,ACTTGA,USBb,human,US,Rhode Island,1,0,,D,severe,,,,,,1,,,,
209,R5zymo,67,f,7,1,,,,R5,LymeLane2,,Sequenced,,8/10/2016,,SN0106241,TTAGGC,USBb,human,US,Rhode Island,0,1,,D,moderate,,,,,,1,,,,
210,R6,63,f,16,3,,,,R6,LymeLane1,,Sequenced,,8/10/2016,,SN0106241,CGATGT,USBb,human,US,Rhode Island,0,1,,D,mild,,,,,,1,,,,
211,R7,66,m,59,1,,,,R7,LymeLane1,,Sequenced,,8/10/2016,,SN0106241,TGACCA,USBb,human,US,Rhode Island,1,0,,L,moderate,,,,,,0,,,,
212,R8,68,m,14,2,,,,R8,LymeLane1,,Sequenced,,8/10/2016,,SN0106241,ACAGTG,USBb,human,US,Rhode Island,1,0,,L,moderate,,,,,,0,,,,
213,R9,74,m,59,1,,,,R9,LymeLane1,,Sequenced,,8/10/2016,,SN0106241,GCCAAT,USBb,human,US,Rhode Island,1,0,,L,moderate,,,,,,0,,,,
262,,,,,,,,,EU102,,,,,,,,,,,,,,,,,,,,,,,,,,,Sample error - need new isolate
,SRS1557559,,,,,,,J21,,,,,,,,,,Bgarinii,human,Japan,,,,,,,,,,,,,,,,
,SRS1557560,,,,,,,Konnai20_clone1,,,,,,,,,,Bgarinii,,,,,,,,,,,,,,,,,,
,SRS1557574,,,,,,,H014,,,,,,,,,,Bjaponica,I. ovatus,Japan,,,,,,,na,,,,,,,,,
,SRS1557576,,,,,,,PoTiB2,,,,,,,,,,Blusitaniae,I. ricinus,Portugal,,,,,,,na,,,,,,,,,
,SRS1557557,,,,,,,HT59,,,,,,,,,,Bgarinii,I. persulcatus,Japan,,,,,,,na,,,,,,,,,
,SRS1557568,,,,,,,NT31,,,,,,,,,,Bgarinii,I. persulcatus,Japan,,,,,,,na,,,,,,,,,
,SRS1557551,,,,,,,20047,,,,,,,,,,Bgarinii,I. ricinus,France,,,,,,,na,,,,,,,,,
,SRS1557552,,,,,,,PBes,,,,,,,,,,Bgarinii,human,,,,,,,,1989,,,,,,,,,
,SRS1557571,,,,,,,PStg,,,,,,,,,,Bgarinii,human,Germany,,,,,,,1996,,,,,,,,,
,SRS1557565,,,,,,,Malouvrh,,,,,,,,,,Bgarinii,human,Slovenia,,,,,,,na,,,,,,,,,
,SRS1557569,,,,,,,PNov,,,,,,,,,,Bgarinii,human,Germany,,,,,,,1990,,,,,,,,,
,SRS1557573,,,,,,,PUl,,,,,,,,,,Bgarinii,human,Germany,,,,,,,1999,,,,,,,,,
,SRS1557562,,,,,,,PLi,,,,,,,,,,Bgarinii,human,Germany,,,,,,,1988,,,,,,,,,
,SRS1557564,,,,,,,PMe,,,,,,,,,,Bgarinii,human,Germany,,,,,,,1988,,,,,,,,,
,SRS1557563,,,,,,,PMa,,,,,,,,,,Bgarinii,human,Yugoslavia,,,,,,,1989,,,,,,,,,
,SRS1557567,,,,,,,PMit,,,,,,,,,,Bgarinii,human,Germany,,,,,,,1997,,,,,,,,,
,SRS1557556,,,,,,,PHez,,,,,,,,,,Bgarinii,human,Germany,,,,,,,1994,,,,,,,,,
,SRS1557572,,,,,,,PSoR,,,,,,,,,,Bgarinii,human,Germany,,,,,,,1989,,,,,,,,,
,SRS1557555,,,,,,,PHc,,,,,,,,,,Bgarinii,human,Germany,,,,,,,1996,,,,,,,,,
,SRS1557570,,,,,,,POhm,,,,,,,,,,Bgarinii,human,Germany,,,,,,,1991,,,,,,,,,
,SRS1557561,,,,,,,PLa,,,,,,,,,,Bgarinii,human,Germany,,,,,,,1998,,,,,,,,,
,SRS1557558,,,,,,,PKi,,,,,,,,,,Bgarinii,human,Germany,,,,,,,1992,,,,,,,,,
,SRS1557554,,,,,,,PFr,,,,,,,,,,Bgarinii,human,Germany,,,,,,,1995,,,,,,,,,
,SRS1557566,,,,,,,PMek,,,,,,,,,,Bgarinii,human,Germany,,,,,,,1998,,,,,,,,,
,SRS1557553,,,,,,,PBr,,,,,,,,,,Bgarinii,human,Germany,,,,,,,1985,,,,,,,,,
,SRS1557527,,,,,,,PBN,,,,,,,,,,Bbav,human,Germany,,,,,,,1999,,,,,,,,,
,SRS1557546,,,,,,,PWin,,,,,,,,,,Bbav,human,Germany,,,,,,,1987,,,,,,,,,
,SRS1557526,,,,,,,PBar,,,,,,,,,,Bbav,human,Germany,,,,,,,1988,,,,,,,,,
,SRS1557547,,,,,,,PZwi,,,,,,,,,,Bbav,human,Germany,,,,,,,1994,,,,,,,,,
,SRS1557523,,,,,,,A104S,,,,,,,,,,Bbav,human,Netherlands,,,,,,,1996,,,,,,,,,
,SRS1557529,,,,,,,PEi,,,,,,,,,,Bbav,human,Germany,,,,,,,1994,,,,,,,,,
,SRS1557525,,,,,,,PBaeII,,,,,,,,,,Bbav,human,Germany,,,,,,,1994,,,,,,,,,
,SRS1557528,,,,,,,DK6,,,,,,,,,,Bbav,human,Denmark,,,,,,,1990,,,,,,,,,
,SRS1557537,,,,,,,PLad,,,,,,,,,,Bbav,human,Germany,,,,,,,2000,,,,,,,,,
,SRS1557539,,,,,,,PNeb,,,,,,,,,,Bbav,human,Germany,,,,,,,1988,,,,,,,,,
,SRS1557545,,,,,,,PTrob,,,,,,,,,,Bbav,human,Slovenia,,,,,,,1988,,,,,,,,,
,SRS1557543,,,,,,,PRab,,,,,,,,,,Bbav,human,Austria,,,,,,,1994,,,,,,,,,
,SRS1557524,,,,,,,A91S,,,,,,,,,,Bbav,human,Netherlands,,,,,,,1996,,,,,,,,,
,SRS1557532,,,,,,,PHerI,,,,,,,,,,Bbav,human,Germany,,,,,,,1989,,,,,,,,,
,SRS1557538,,,,,,,Lubl25,,,,,,,,,,Bbav,human,Slovenia,,,,,,,1995,,,,,,,,,
,SRS1557541,,,,,,,PNi,,,,,,,,,,Bbav,human,Germany,,,,,,,2000,,,,,,,,,
,SRS1557544,,,,,,,PRof,,,,,,,,,,Bbav,human,Germany,,,,,,,1989,,,,,,,,,
,SRS1557534,,,,,,,J15,,,,,,,,,,Bbav,human,Japan,,,,,,,na,,,,,,,,,
,SRS1557531,,,,,,,Hiratsuka,,,,,,,,,,Bbav,human,Japan,,,,,,,na,,,,,,,,,
,SRS1557542,,,,,,,NT24,,,,,,,,,,Bbav,I. persulcatus,Japan,,,,,,,na,,,,,,,,,
,SRS1557530,,,,,,,FujiP2,,,,,,,,,,Bbav,I. persulcatus,Japan,,,,,,,na,,,,,,,,,
,SRS1557533,,,,,,,J14,,,,,,,,,,Bbav,human,Japan,,,,,,,na,,,,,,,,,
,SRS1557536,,,,,,,Konnai17,,,,,,,,,,Bbav,I. persulcatus,Japan,,,,,,,2011,,,,,,,,,
,SRS1557540,,,,,,,N346,,,,,,,,,,Bbav,I. persulcatus,Japan,,,,,,,na,,,,,,,,,
,SRS1557535,,,,,,,J20T,,,,,,,,,,Bbav,I. persulcatus,Japan,,,,,,,na,,,,,,,,,
,SRS3153081,,,,,,,Okinawa-CW62,,,,,,,,,,Byangtzensis,Crocidura watasei,Japan,,,,,,,2004.5,,,,,,,,,
,SRS1557581,,,,,,,100B40,,,,,,,,,,Bvalaisiana,,,,,,,,,,,,,,,,,,
,SRS1557579,,,,,,,89B13,,,,,,,,,,Bvalaisiana,,,,,,,,,,,,,,,,,,
,SRS1557580,,,,,,,PMEW,,,,,,,,,,Bspielmanii,human,Germany,,,,,,,1987,,,,,,,,,
,SRS1557578,,,,,,,PMai,,,,,,,,,,Bspielmanii,human,Germany,,,,,,,1991,,,,,,,,,
,SRS1557577,,,,,,,PHap,,,,,,,,,,Bspielmanii,human,Germany,,,,,,,1989,,,,,,,,,
,SRS1557517,,,,,,,PJe,,,,,,,,,,Bafzelii,human,Germany,,,,,,,1992,,,,,,,,,
,SRS1557520,,,,,,,PObf,,,,,,,,,,Bafzelii,human,Germany,,,,,,,1998,,,,,,,,,
,SRS1557519,,,,,,,PMel,,,,,,,,,,Bafzelii,human,Germany,,,,,,,1990,,,,,,,,,
,SRS1557516,,,,,,,PHam,,,,,,,,,,Bafzelii,human,Germany,,,,,,,1987,,,,,,,,,
,SRS1557515,,,,,,,PBec,,,,,,,,,,Bafzelii,human,Germany,,,,,,,1988,,,,,,,,,
,SRS1557521,,,,,,,PSto,,,,,,,,,,Bafzelii,human,Germany,,,,,,,1986,,,,,,,,,
,SRS1557513,,,,,,,PBabu,,,,,,,,,,Bafzelii,human,Germany,,,,,,,2001,,,,,,,,,
,SRS1557518,,,,,,,PKr,,,,,,,,,,Bafzelii,human,Germany,,,,,,,1992,,,,,,,,,
,SRS1557514,,,,,,,PFes,,,,,,,,,,Bafzelii,human,Germany,,,,,,,1988,,,,,,,,,
,SRS1557522,,,,,,,SCW41,,,,,,,,,,Bamericana,I.minor,South Carolina,,,,,,,1994.5,,,,,,,,,
,SRS807422,,,,,,,Z41293,,,,,,,,,,Bburgdorferi ss,I. ricinus,Germany,,,,,,,1995,,,,,,,,,
,SRS807385,,,,,,,PKif_II,,,,,,,,,,Bburgdorferi ss,human,Germany,,,,,,,1988,,,,,,,,,
,SRS1557549,,,,,,,CA446,,,,,,,,,,Bcaliforniensis,Dipodomys californicus,California,,,,,,,1995,,,,,,,,,
,SRS1557575,,,,,,,25015,,,,,,,,,,Bkurtenbachii,I. scapularis,New York,,,,,,,1991,,,,,,,,,
,SRS1557550,,,,,,,SCW-22,,,,,,,,,,Bcarolinensis,I. minor,South Carolina,,,,,,,1994,,,,,,,,,
,SRS1557548,,,,,,,PGeb,,,,,,,,,,Bbissettii,human,,,,,,,,1996,,,,,,,,,
,SRS2727907,,,,,,,,,,,,,,,,,,,,,,,,,,2016,,,,,,,,,
,SRS2727906,,,,,,,,,,,,,,,,,,,,,,,,,,2016,,,,,,,,,
,SRS2727905,,,,,,,,,,,,,,,,,,,,,,,,,,2016,,,,,,,,,
,SRS2727904,,,,,,,,,,,,,,,,,,,,,,,,,,2016,,,,,,,,,
,SRS2727903,,,,,,,,,,,,,,,,,,,,,,,,,,2016,,,,,,,,,
,SRS2727902,,,,,,,,,,,,,,,,,,,,,,,,,,2016,,,,,,,,,
,SRS2727901,,,,,,,,,,,,,,,,,,,,,,,,,,2016,,,,,,,,,
,SRS2727900,,,,,,,,,,,,,,,,,,,,,,,,,,2016,,,,,,,,,
,SRS2727899,,,,,,,,,,,,,,,,,,,,,,,,,,2016,,,,,,,,,
,SRS2727898,,,,,,,,,,,,,,,,,,,,,,,,,,2016,,,,,,,,,
,SRS2727897,,,,,,,,,,,,,,,,,,,,,,,,,,2016,,,,,,,,,
,SRS2727896,,,,,,,,,,,,,,,,,,,,,,,,,,2016,,,,,,,,,
,SRS2727895,,,,,,,,,,,,,,,,,,,,,,,,,,2016,,,,,,,,,
,SRS2727894,,,,,,,,,,,,,,,,,,,,,,,,,,2016,,,,,,,,,
,SRS2727893,,,,,,,,,,,,,,,,,,,,,,,,,,2016,,,,,,,,,
,SRS2727892,,,,,,,,,,,,,,,,,,,,,,,,,,2016,,,,,,,,,
,SRS2727891,,,,,,,,,,,,,,,,,,,,,,,,,,2016,,,,,,,,,
,SRS2727890,,,,,,,,,,,,,,,,,,,,,,,,,,2016,,,,,,,,,
,SRS2727889,,,,,,,,,,,,,,,,,,,,,,,,,,2016,,,,,,,,,
,SRS2727887,,,,,,,,,,,,,,,,,,,,,,,,,,2016,,,,,,,,,
,SRS2727888,,,,,,,,,,,,,,,,,,,,,,,,,,2016,,,,,,,,,
,SRS2727886,,,,,,,,,,,,,,,,,,,,,,,,,,2016,,,,,,,,,
,SRS2727885,,,,,,,,,,,,,,,,,,,,,,,,,,2016,,,,,,,,,
,SRS2727884,,,,,,,,,,,,,,,,,,,,,,,,,,2016,,,,,,,,,
,SRS2727883,,,,,,,,,,,,,,,,,,,,,,,,,,2016,,,,,,,,,
,SRS2727881,,,,,,,,,,,,,,,,,,,,,,,,,,2016,,,,,,,,,
,SRS2727882,,,,,,,,,,,,,,,,,,,,,,,,,,2016,,,,,,,,,
,SRS2727880,,,,,,,,,,,,,,,,,,,,,,,,,,2016,,,,,,,,,
,SRS2727879,,,,,,,,,,,,,,,,,,,,,,,,,,2016,,,,,,,,,
,SRS2727878,,,,,,,,,,,,,,,,,,,,,,,,,,2016,,,,,,,,,
,SRS2727877,,,,,,,,,,,,,,,,,,,,,,,,,,2016,,,,,,,,,
,SRS2727876,,,,,,,,,,,,,,,,,,,,,,,,,,2016,,,,,,,,,
,SRS2727875,,,,,,,,,,,,,,,,,,,,,,,,,,2016,,,,,,,,,
,SRS2727874,,,,,,,,,,,,,,,,,,,,,,,,,,2016,,,,,,,,,
,SRS2727873,,,,,,,,,,,,,,,,,,,,,,,,,,2016,,,,,,,,,
,SRS2727872,,,,,,,,,,,,,,,,,,,,,,,,,,2016,,,,,,,,,
,SRS2727871,,,,,,,,,,,,,,,,,,,,,,,,,,2016,,,,,,,,,
,SRS2727870,,,,,,,,,,,,,,,,,,,,,,,,,,2016,,,,,,,,,
,SRS2727869,,,,,,,,,,,,,,,,,,,,,,,,,,2016,,,,,,,,,
,SRS2727868,,,,,,,,,,,,,,,,,,,,,,,,,,2016,,,,,,,,,
,SRS2727867,,,,,,,,,,,,,,,,,,,,,,,,,,2016,,,,,,,,,
,SRS2727866,,,,,,,,,,,,,,,,,,,,,,,,,,2016,,,,,,,,,
,SRS2727865,,,,,,,,,,,,,,,,,,,,,,,,,,2016,,,,,,,,,
,SRS2727864,,,,,,,,,,,,,,,,,,,,,,,,,,2016,,,,,,,,,
,SRS2727863,,,,,,,,,,,,,,,,,,,,,,,,,,2016,,,,,,,,,
,SRS2727862,,,,,,,,,,,,,,,,,,,,,,,,,,2016,,,,,,,,,
,SRS2727861,,,,,,,,,,,,,,,,,,,,,,,,,,2016,,,,,,,,,
,SRS2727860,,,,,,,,,,,,,,,,,,,,,,,,,,2016,,,,,,,,,
,SRS2727858,,,,,,,,,,,,,,,,,,,,,,,,,,2016,,,,,,,,,
,SRS2727859,,,,,,,,,,,,,,,,,,,,,,,,,,2016,,,,,,,,,
,SRS2727856,,,,,,,,,,,,,,,,,,,,,,,,,,2016,,,,,,,,,
,SRS2727857,,,,,,,,,,,,,,,,,,,,,,,,,,2016,,,,,,,,,
,SRS2727855,,,,,,,,,,,,,,,,,,,,,,,,,,2016,,,,,,,,,
,SRS2727854,,,,,,,,,,,,,,,,,,,,,,,,,,2016,,,,,,,,,
,SRS2727853,,,,,,,,,,,,,,,,,,,,,,,,,,2016,,,,,,,,,
,SRS2727852,,,,,,,,,,,,,,,,,,,,,,,,,,2016,,,,,,,,,
,SRS2727851,,,,,,,,,,,,,,,,,,,,,,,,,,2016,,,,,,,,,
,SRS2727850,,,,,,,,,,,,,,,,,,,,,,,,,,2016,,,,,,,,,
,SRS2727908,,,,,,,,,,,,,,,,,,,,,,,,,,2016,,,,,,,,,
,SRS2727848,,,,,,,,,,,,,,,,,,,,,,,,,,2016,,,,,,,,,
,SRS2727849,,,,,,,,,,,,,,,,,,,,,,,,,,2016,,,,,,,,,
,SRS2727846,,,,,,,,,,,,,,,,,,,,,,,,,,2016,,,,,,,,,
,SRS2727845,,,,,,,,,,,,,,,,,,,,,,,,,,2016,,,,,,,,,
,SRS2727847,,,,,,,,,,,,,,,,,,,,,,,,,,2016,,,,,,,,,
,,54.24757282,,,,,,,,,,,,,,,,,,,,77,84,,,,,,,,,,,,,
,,15.02167114,,,,,,,,,,,,,,,,,,,,0.4782608696,0.5217391304,,,,,,,,,,,,,