"Isolate"	"ST"	"New ST"	"Contamination"	"clpA"	"clpX"	"nifS"	"pepX"	"pyrG"	"recG"	"rplB"	"uvrA"
"5A18NP1-JBb08-A"	"1"	""	"uvrA_1,uvrA_1"	"1"	"1"	"1"	"1"	"1"	"1"	"1"	"1"
"5A18NP1-JBb08-B"	"1"	""	""	"1"	"1"	"1"	"1"	"1"	"1"	"1"	"1"
"UNY147_200"	"14~"	"Unknown"	""	"U"	"1"	"U"	"7"	"1"	"6"	"1"	"10"
"5A18NP1-JBb08-C"	"1"	""	""	"1"	"1"	"1"	"1"	"1"	"1"	"1"	"1"
"5A18NP1-JBb08-E"	"1"	""	"uvrA_1,uvrA_1,uvrA_1"	"1"	"1"	"1"	"1"	"1"	"1"	"1"	"1"
"K2"	"1"	""	"uvrA_1,uvrA_1,uvrA_1"	"1"	"1"	"1"	"1"	"1"	"1"	"1"	"1"
"5A18NP1-JBb08-D"	"1"	""	"uvrA_1,uvrA_1"	"1"	"1"	"1"	"1"	"1"	"1"	"1"	"1"
"5A4"	"1"	""	"uvrA_1,uvrA_1~"	"1"	"1"	"1"	"1"	"1"	"1"	"1"	"1"
"UNY201_200"	"14~"	"Unknown"	""	"U"	"1"	"1~"	"7"	"1"	"6"	"1"	"10"
"UNY210_200"	"18~"	"Unknown"	""	"7"	"6"	"U"	"1"	"1"	"5"	"5"	"5"
"UNY218_200"	"18~"	"Unknown"	""	"7"	"6"	"U"	"1"	"1"	"5"	"5"	"5"
"UWI272_200"	"55~"	"Unknown"	""	"U"	"1"	"U"	"20"	"2"	"1"	"U"	"10"
"UNY196_200"	"15"	""	""	"2"	"2"	"4"	"2"	"2"	"2"	"2"	"2"
"BG001_C7"	"1~"	"Unknown"	""	"1"	"1"	"1"	"1"	"1"	"1"	"1~"	"1~"
"ESI322_200"	"24"	""	""	"15"	"9"	"12"	"8"	"1"	"11"	"8"	"16"
"UWI257_200"	"232~"	"Unknown"	""	"25"	"3"	"U"	"3"	"3"	"21"	"6"	"2"
"UWI273_200"	"55"	""	""	"23"	"1"	"17"	"20"	"2"	"1"	"1"	"10"
"UNY214_200"	"40~"	"Unknown"	""	"22~"	"1"	"5"	"8"	"1"	"18"	"11"	"10"
"ESI295_200"	"24"	""	""	"15"	"9"	"12"	"8"	"1"	"11"	"8"	"16"
"ESI300_200"	"24"	""	""	"15"	"9"	"12"	"8"	"1"	"11"	"8"	"16"
"UWI276_200"	"410~"	"Unknown"	""	"4"	"U"	"3"	"3"	"3"	"21"	"6"	"104"
"ESI323_200"	"799"	""	""	"15"	"9"	"12"	"223"	"1"	"11"	"8"	"16"
"UWI252_200"	"29"	""	""	"18"	"12"	"1"	"11"	"2"	"15"	"1"	"2"
"ESI299_200"	"24"	""	""	"15"	"9"	"12"	"8"	"1"	"11"	"8"	"16"
"EU57_B190413.hybrid.assembly.contigs"	"20~"	"Unknown"	""	"14"	"1"	"11"	"1"	"1"	"1~"	"1"	"10"
"ESI311_200"	"24"	""	""	"15"	"9"	"12"	"8"	"1"	"11"	"8"	"16"
"UWI267_200"	"222"	""	""	"5"	"5"	"4"	"5"	"1"	"15"	"1"	"6"
"UWI237_200"	"229"	""	""	"20"	"4"	"3"	"3"	"3"	"18"	"3"	"3"
"UNY171_200"	"8"	""	""	"5"	"5"	"4"	"5"	"5"	"5"	"1"	"6"
"UNY216_200"	"12~"	"Unknown"	""	"3"	"3"	"U"	"4"	"3"	"4"	"4"	"4"
"ESI304_200"	"24"	""	""	"15"	"9"	"12"	"8"	"1"	"11"	"8"	"16"
"ESI319_200"	"24"	""	""	"15"	"9"	"12"	"8"	"1"	"11"	"8"	"16"
"L113.hybrid.assembly.contigs"	"24"	""	""	"15"	"9"	"12"	"8"	"1"	"11"	"8"	"16"
"ESI28_200"	"284"	""	""	"14"	"1"	"11"	"1"	"1"	"11"	"1"	"10"
"UWI263_200"	"29"	""	""	"18"	"12"	"1"	"11"	"2"	"15"	"1"	"2"
"ESI284_200"	"20"	""	""	"14"	"1"	"11"	"1"	"1"	"1"	"1"	"10"
"ESI309_200"	"20"	""	""	"14"	"1"	"11"	"1"	"1"	"1"	"1"	"10"
"UWI258_200"	"232"	""	""	"25"	"3"	"3"	"3"	"3"	"21"	"6"	"2"
"ESI288a_200"	"20"	""	""	"14"	"1"	"11"	"1"	"1"	"1"	"1"	"10"
"ESI312_200"	"24~"	"Novel ST"	""	"15"	"1"	"12"	"8"	"1"	"11"	"8"	"16"
"UWI230_200"	"222"	""	""	"5"	"5"	"4"	"5"	"1"	"15"	"1"	"6"
"UNY203_200"	"14"	""	""	"9"	"1"	"1"	"7"	"1"	"6"	"1"	"10"
"UWI281_200"	"223"	""	""	"7"	"6"	"12"	"1"	"2"	"5"	"5"	"83"
"ESI292_200"	"545"	""	""	"14"	"1"	"11"	"1"	"164"	"1"	"1"	"10"
"UNY207_200"	"11"	""	""	"5"	"7"	"5"	"1"	"6"	"1"	"4"	"9"
"UWI282_200"	"55"	""	""	"23"	"1"	"17"	"20"	"2"	"1"	"1"	"10"
"N40_HP"	"12"	""	""	"3"	"3"	"2"	"4"	"3"	"4"	"4"	"4"
"UWI268_200"	"228"	""	""	"12"	"2"	"1"	"2"	"1"	"16"	"2"	"2"
"UWI235_200"	"47"	""	""	"7"	"6"	"12"	"1"	"6"	"5"	"5"	"5"
"ESI316_200"	"24"	""	""	"15"	"9"	"12"	"8"	"1"	"11"	"8"	"16"
"BB-8"	"34"	""	""	"8"	"1"	"1"	"7"	"1"	"6"	"1"	"10"
"UNY213_200"	"8"	""	""	"5"	"5"	"4"	"5"	"5"	"5"	"1"	"6"
"UNY138_200"	"9"	""	""	"10"	"5"	"4"	"6"	"1"	"6"	"1"	"6"
"UWI279_200"	"302"	""	""	"5"	"5"	"4"	"114"	"1"	"15"	"1"	"6"
"UWI277_200"	"410"	""	""	"4"	"4"	"3"	"3"	"3"	"21"	"6"	"104"
"UNY199_200"	"19"	""	""	"4"	"4"	"3"	"3"	"3"	"3"	"3"	"3"
"UNY141_200"	"8"	""	""	"5"	"5"	"4"	"5"	"5"	"5"	"1"	"6"
"UWI255_200"	"227"	""	""	"12"	"2"	"1"	"2"	"1"	"16"	"76"	"2"
"UWI240_200"	"12"	""	""	"3"	"3"	"2"	"4"	"3"	"4"	"4"	"4"
"UWI221_200"	"32"	""	""	"8"	"1"	"1"	"1"	"4"	"16"	"1"	"7"
"UNY137_200"	"54"	""	""	"15"	"1"	"16"	"4"	"1"	"18"	"4"	"20"
"UNY178_200"	"14"	""	""	"9"	"1"	"1"	"7"	"1"	"6"	"1"	"10"
"UWI278_200"	"32"	""	""	"8"	"1"	"1"	"1"	"4"	"16"	"1"	"7"
"ESI26_200"	"20~"	"Unknown"	""	"14"	"1"	"11"	"1"	"1"	"1~"	"1"	"10"
"UNY167_200"	"16"	""	""	"2"	"2"	"1"	"2"	"2"	"2"	"2"	"2"
"UNY217_200"	"37"	""	""	"7"	"6"	"12"	"1"	"1"	"5"	"5"	"5"
"UWI265_200"	"234"	""	""	"104"	"1"	"1"	"2"	"2"	"15"	"4"	"10"
"ESI313_200"	"314"	""	""	"14"	"1"	"11"	"1"	"113"	"1"	"1"	"10"
"UNY144_200"	"18"	""	""	"7"	"6"	"6"	"1"	"1"	"5"	"5"	"5"
"ESI291_200"	"545~"	"Novel ST"	""	"14"	"1"	"11"	"8"	"164"	"1"	"1"	"10"
"UWI247_200"	"4"	""	""	"8"	"1"	"1"	"1"	"4"	"6"	"1"	"7"
"URI34_200"	"38"	""	"uvrA_7,uvrA_7"	"21"	"1"	"15"	"8"	"1"	"18"	"4"	"7"
"UNY166_200"	"9"	""	""	"10"	"5"	"4"	"6"	"1"	"6"	"1"	"6"
"UWI231_200"	"52"	""	""	"12"	"1"	"1"	"7"	"1"	"6"	"1"	"10"
"UNY187_200"	"7"	""	""	"6"	"1"	"5"	"1"	"1"	"7"	"1"	"8"
"UWI260_200"	"225"	""	""	"8"	"2"	"5"	"93"	"2"	"8"	"1"	"84"
"XD1.hybrid.assembly.contigs"	"12"	""	""	"3"	"3"	"2"	"4"	"3"	"4"	"4"	"4"
"UWI232_200"	"234"	""	""	"104"	"1"	"1"	"2"	"2"	"15"	"4"	"10"
"URI118_200"	"3"	""	""	"4"	"1"	"1"	"1"	"1"	"6"	"1"	"7"
"UWI264_200"	"29"	""	""	"18"	"12"	"1"	"11"	"2"	"15"	"1"	"2"
"UWI245_200"	"19"	""	""	"4"	"4"	"3"	"3"	"3"	"3"	"3"	"3"
"UWI269_200"	"32"	""	""	"8"	"1"	"1"	"1"	"4"	"16"	"1"	"7"
"MR616"	"14"	""	""	"9"	"1"	"1"	"7"	"1"	"6"	"1"	"10"
"UWI253_200"	"32"	""	""	"8"	"1"	"1"	"1"	"4"	"16"	"1"	"7"
"UNY172_200"	"12"	""	""	"3"	"3"	"2"	"4"	"3"	"4"	"4"	"4"
"UWI254_200"	"32"	""	""	"8"	"1"	"1"	"1"	"4"	"16"	"1"	"7"
"UNY168_200"	"4"	""	""	"8"	"1"	"1"	"1"	"4"	"6"	"1"	"7"
"UWI283_200"	"221"	""	""	"3"	"3"	"2"	"2"	"3"	"4"	"4"	"4"
"UWI256_200"	"29"	""	""	"18"	"12"	"1"	"11"	"2"	"15"	"1"	"2"
"ESI320_200"	"546~"	"Unknown"	""	"14"	"1"	"11"	"1"	"1"	"1~"	"1"	"157"
"UWI250_200"	"32"	""	""	"8"	"1"	"1"	"1"	"4"	"16"	"1"	"7"
"UNY193_200"	"318~"	"Unknown"	""	"21~"	"1"	"15"	"8"	"1"	"1"	"4"	"128~"
"UWI223_200"	"234"	""	""	"104"	"1"	"1"	"2"	"2"	"15"	"4"	"10"
"UWI233_200"	"48"	""	""	"8"	"1"	"1"	"14"	"2"	"6"	"1"	"10"
"UNY200_200"	"1"	""	""	"1"	"1"	"1"	"1"	"1"	"1"	"1"	"1"
"URI122_200"	"3"	""	""	"4"	"1"	"1"	"1"	"1"	"6"	"1"	"7"
"UNY160_200"	"3"	""	""	"4"	"1"	"1"	"1"	"1"	"6"	"1"	"7"
"UWI228_200"	"234"	""	""	"104"	"1"	"1"	"2"	"2"	"15"	"4"	"10"
"UWI246_200"	"302"	""	""	"5"	"5"	"4"	"114"	"1"	"15"	"1"	"6"
"UCT96_200"	"59"	""	""	"6"	"1"	"5"	"1"	"1"	"7"	"1"	"19"
"UNY206_200"	"9"	""	""	"10"	"5"	"4"	"6"	"1"	"6"	"1"	"6"
"UWI222_200"	"32"	""	""	"8"	"1"	"1"	"1"	"4"	"16"	"1"	"7"
"UNY191_200"	"4"	""	""	"8"	"1"	"1"	"1"	"4"	"6"	"1"	"7"
"UNY215_200"	"14"	""	""	"9"	"1"	"1"	"7"	"1"	"6"	"1"	"10"
"UWI243_200"	"234"	""	""	"104"	"1"	"1"	"2"	"2"	"15"	"4"	"10"
"UNY140_200"	"19"	""	""	"4"	"4"	"3"	"3"	"3"	"3"	"3"	"3"
"UWI248_200"	"32"	""	""	"8"	"1"	"1"	"1"	"4"	"16"	"1"	"7"
"UWI220_200"	"56"	""	""	"24"	"14"	"4"	"18"	"11"	"19"	"1"	"12"
"ESI314_200"	"20"	""	""	"14"	"1"	"11"	"1"	"1"	"1"	"1"	"10"
"UWI227_200"	"32"	""	""	"8"	"1"	"1"	"1"	"4"	"16"	"1"	"7"
"UWI274_200"	"226"	""	""	"8"	"1"	"15"	"94"	"2"	"20"	"1"	"7"
"UNY205_200"	"16"	""	""	"2"	"2"	"1"	"2"	"2"	"2"	"2"	"2"
"UNY169_200"	"19"	""	""	"4"	"4"	"3"	"3"	"3"	"3"	"3"	"3"
"UWI236_200"	"48"	""	""	"8"	"1"	"1"	"14"	"2"	"6"	"1"	"10"
"UWI239_200"	"221"	""	""	"3"	"3"	"2"	"2"	"3"	"4"	"4"	"4"
"UWI226_200"	"221"	""	""	"3"	"3"	"2"	"2"	"3"	"4"	"4"	"4"
"UNY177_200"	"3"	""	""	"4"	"1"	"1"	"1"	"1"	"6"	"1"	"7"
"ESI315_200"	"545"	""	""	"14"	"1"	"11"	"1"	"164"	"1"	"1"	"10"
"UWI280_200"	"32"	""	""	"8"	"1"	"1"	"1"	"4"	"16"	"1"	"7"
"K21.hybrid.assembly.contigs"	"19"	""	""	"4"	"4"	"3"	"3"	"3"	"3"	"3"	"3"
"UNY134_200"	"36"	""	""	"10"	"5"	"4"	"6"	"1"	"15"	"1"	"6"
"ESI303_200"	"545~"	"Novel ST"	""	"14"	"1"	"11"	"8"	"164"	"1"	"1"	"10"
"UWI242_200"	"55"	""	""	"23"	"1"	"17"	"20"	"2"	"1"	"1"	"10"
"UNY173_200"	"38~"	"Unknown"	""	"21"	"1"	"15"	"8"	"1"	"18"	"U"	"7"
"UWI229_200"	"43"	""	""	"4"	"4"	"3"	"3"	"3"	"21"	"6"	"3"
"UWI251_200"	"30"	""	""	"19"	"1"	"5"	"1"	"2"	"1"	"1"	"10"
"B348"	"19"	""	""	"4"	"4"	"3"	"3"	"3"	"3"	"3"	"3"
"MC149"	"221"	""	""	"3"	"3"	"2"	"2"	"3"	"4"	"4"	"4"
"UWI261_200"	"55"	""	""	"23"	"1"	"17"	"20"	"2"	"1"	"1"	"10"
"UNY136_200"	"19"	""	""	"4"	"4"	"3"	"3"	"3"	"3"	"3"	"3"
"UWI244_200"	"237"	""	""	"107"	"2"	"1"	"95"	"2"	"18"	"4"	"3"
"UNY159_200"	"18"	""	""	"7"	"6"	"6"	"1"	"1"	"5"	"5"	"5"
"UNY183_200"	"16"	""	""	"2"	"2"	"1"	"2"	"2"	"2"	"2"	"2"
"B356"	"12"	""	""	"3"	"3"	"2"	"4"	"3"	"4"	"4"	"4"
"K19.hybrid.assembly.contigs"	"9"	""	""	"10"	"5"	"4"	"6"	"1"	"6"	"1"	"6"
"B331"	"16"	""	""	"2"	"2"	"1"	"2"	"2"	"2"	"2"	"2"
"UNY143_200"	"12"	""	""	"3"	"3"	"2"	"4"	"3"	"4"	"4"	"4"
"ESI294_200"	"314"	""	""	"14"	"1"	"11"	"1"	"113"	"1"	"1"	"10"
"ESI297_200"	"545"	""	""	"14"	"1"	"11"	"1"	"164"	"1"	"1"	"10"
"UWI249_200"	"12~"	"Novel ST"	""	"137"	"3"	"2"	"4"	"3"	"4"	"4"	"4"
"ESI289_200"	"314"	""	""	"14"	"1"	"11"	"1"	"113"	"1"	"1"	"10"
"UWI241_200"	"48"	""	""	"8"	"1"	"1"	"14"	"2"	"6"	"1"	"10"
"B418"	"19"	""	""	"4"	"4"	"3"	"3"	"3"	"3"	"3"	"3"
"UNY204_200"	"12~"	"Unknown"	""	"3~"	"3"	"2"	"4"	"3"	"4"	"4"	"4"
"ESI287_200"	"314"	""	""	"14"	"1"	"11"	"1"	"113"	"1"	"1"	"10"
"ESI285_200"	"20"	""	""	"14"	"1"	"11"	"1"	"1"	"1"	"1"	"10"
"UWI271_200"	"30~"	"Unknown"	""	"19"	"1"	"U"	"1"	"2"	"1"	"1"	"10"
"URI54_200"	"14"	""	""	"9"	"1"	"1"	"7"	"1"	"6"	"1"	"10"
"URI44_200"	"3"	""	""	"4"	"1"	"1"	"1"	"1"	"6"	"1"	"7"
"UCT69_200"	"59"	""	""	"6"	"1"	"5"	"1"	"1"	"7"	"1"	"19"
"K83.hybrid.assembly.contigs"	"3"	""	""	"4"	"1"	"1"	"1"	"1"	"6"	"1"	"7"
"ESI306_200"	"545"	""	""	"14"	"1"	"11"	"1"	"164"	"1"	"1"	"10"
"ESI305_200"	"20"	""	""	"14"	"1"	"11"	"1"	"1"	"1"	"1"	"10"
"UCT51_200"	"16"	""	""	"2"	"2"	"1"	"2"	"2"	"2"	"2"	"2"
"URI85_200"	"9"	""	""	"10"	"5"	"4"	"6"	"1"	"6"	"1"	"6"
"UNY175_200"	"14"	""	""	"9"	"1"	"1"	"7"	"1"	"6"	"1"	"10"
"UNY133_200"	"8~"	"Unknown"	""	"5"	"5"	"4"	"5"	"5~"	"5"	"1"	"6"
"UWI270_200"	"51"	""	""	"8"	"1"	"15"	"8"	"12"	"20"	"1"	"7"
"URI94_200"	"3"	""	""	"4"	"1"	"1"	"1"	"1"	"6"	"1"	"7"
"UCT50_200"	"19"	""	""	"4"	"4"	"3"	"3"	"3"	"3"	"3"	"3"
"ESI290_200"	"314"	""	""	"14"	"1"	"11"	"1"	"113"	"1"	"1"	"10"
"UNY208_200"	"4"	""	""	"8"	"1"	"1"	"1"	"4"	"6"	"1"	"7"
"UNY162_200"	"9"	""	""	"10"	"5"	"4"	"6"	"1"	"6"	"1"	"6"
"UWI224_200"	"32"	""	""	"8"	"1"	"1"	"1"	"4"	"16"	"1"	"7"
"ESI317_200"	"20"	""	""	"14"	"1"	"11"	"1"	"1"	"1"	"1"	"10"
"UNY202_200"	"9"	""	""	"10"	"5"	"4"	"6"	"1"	"6"	"1"	"6"
"UMA3_200"	"3"	""	""	"4"	"1"	"1"	"1"	"1"	"6"	"1"	"7"
"K22.hybrid.assembly.contigs"	"38"	""	""	"21"	"1"	"15"	"8"	"1"	"18"	"4"	"7"
"URI33_200"	"9"	""	""	"10"	"5"	"4"	"6"	"1"	"6"	"1"	"6"
"UNY158_200"	"50"	""	""	"8"	"1"	"1"	"17"	"1"	"6"	"1"	"10"
"URI117_200"	"3"	""	""	"4"	"1"	"1"	"1"	"1"	"6"	"1"	"7"
"K24.hybrid.assembly.contigs"	"14"	""	""	"9"	"1"	"1"	"7"	"1"	"6"	"1"	"10"
"UNY211_200"	"3"	""	""	"4"	"1"	"1"	"1"	"1"	"6"	"1"	"7"
"UNY209_200"	"16"	""	""	"2"	"2"	"1"	"2"	"2"	"2"	"2"	"2"
"UCT62_200"	"3"	""	""	"4"	"1"	"1"	"1"	"1"	"6"	"1"	"7"
"UNY131_200"	"50"	""	""	"8"	"1"	"1"	"17"	"1"	"6"	"1"	"10"
"UNY130_200"	"3"	""	""	"4"	"1"	"1"	"1"	"1"	"6"	"1"	"7"
"URI97_200"	"3"	""	""	"4"	"1"	"1"	"1"	"1"	"6"	"1"	"7"
"URI81_200"	"9~"	"Unknown"	""	"10"	"5"	"4"	"6"	"1"	"6"	"1~"	"6"
"ESI307_200"	"545"	""	""	"14"	"1"	"11"	"1"	"164"	"1"	"1"	"10"
"UNY184_200"	"1"	""	""	"1"	"1"	"1"	"1"	"1"	"1"	"1"	"1"
"URI112_200"	"3"	""	""	"4"	"1"	"1"	"1"	"1"	"6"	"1"	"7"
"UCT121_200"	"59"	""	""	"6"	"1"	"5"	"1"	"1"	"7"	"1"	"19"
"ESI301_200"	"314"	""	""	"14"	"1"	"11"	"1"	"113"	"1"	"1"	"10"
"URI98_200"	"3"	""	""	"4"	"1"	"1"	"1"	"1"	"6"	"1"	"7"
"K2.hybrid.assembly.contigs"	"1"	""	""	"1"	"1"	"1"	"1"	"1"	"1"	"1"	"1"
"URI60_200"	"9"	""	""	"10"	"5"	"4"	"6"	"1"	"6"	"1"	"6"
"URI52_200"	"16"	""	""	"2"	"2"	"1"	"2"	"2"	"2"	"2"	"2"
"UCT73_200"	"3"	""	""	"4"	"1"	"1"	"1"	"1"	"6"	"1"	"7"
"URI120_200"	"1"	""	""	"1"	"1"	"1"	"1"	"1"	"1"	"1"	"1"
"MC105"	"32"	""	""	"8"	"1"	"1"	"1"	"4"	"16"	"1"	"7"
"UWI225_200"	"56"	""	""	"24"	"14"	"4"	"18"	"11"	"19"	"1"	"12"
"UWI238_200"	"29"	""	""	"18"	"12"	"1"	"11"	"2"	"15"	"1"	"2"
"UNY170_200"	"1"	""	""	"1"	"1"	"1"	"1"	"1"	"1"	"1"	"1"
"URI63_200"	"1"	""	""	"1"	"1"	"1"	"1"	"1"	"1"	"1"	"1"
"URI78_200"	"59"	""	""	"6"	"1"	"5"	"1"	"1"	"7"	"1"	"19"
"ESI318_200"	"545"	""	""	"14"	"1"	"11"	"1"	"164"	"1"	"1"	"10"
"UNY135_200"	"16"	""	""	"2"	"2"	"1"	"2"	"2"	"2"	"2"	"2"
"URI17_200"	"7"	""	""	"6"	"1"	"5"	"1"	"1"	"7"	"1"	"8"
"UCT32_200"	"3"	""	""	"4"	"1"	"1"	"1"	"1"	"6"	"1"	"7"
"UNY150_200"	"7"	""	""	"6"	"1"	"5"	"1"	"1"	"7"	"1"	"8"
"K1.hybrid.assembly.contigs"	"1"	""	""	"1"	"1"	"1"	"1"	"1"	"1"	"1"	"1"
"URI119_200"	"1"	""	""	"1"	"1"	"1"	"1"	"1"	"1"	"1"	"1"
"URI49_200"	"8"	""	""	"5"	"5"	"4"	"5"	"5"	"5"	"1"	"6"
"URI43_200"	"1"	""	""	"1"	"1"	"1"	"1"	"1"	"1"	"1"	"1"
"UNY185_200"	"3"	""	""	"4"	"1"	"1"	"1"	"1"	"6"	"1"	"7"
"UNY192_200"	"1"	""	""	"1"	"1"	"1"	"1"	"1"	"1"	"1"	"1"
"URI86_200"	"3"	""	""	"4"	"1"	"1"	"1"	"1"	"6"	"1"	"7"
"UNY156_200"	"3"	""	""	"4"	"1"	"1"	"1"	"1"	"6"	"1"	"7"
"K64.hybrid.assembly.contigs"	"1"	""	""	"1"	"1"	"1"	"1"	"1"	"1"	"1"	"1"
"BL522"	"12"	""	""	"3"	"3"	"2"	"4"	"3"	"4"	"4"	"4"
"ESI286_200"	"20"	""	""	"14"	"1"	"11"	"1"	"1"	"1"	"1"	"10"
"URI42_200"	"1"	""	""	"1"	"1"	"1"	"1"	"1"	"1"	"1"	"1"
"UNY129_200"	"1"	""	""	"1"	"1"	"1"	"1"	"1"	"1"	"1"	"1"
"URI59_200"	"14"	""	""	"9"	"1"	"1"	"7"	"1"	"6"	"1"	"10"
"UNY153_200"	"1"	""	""	"1"	"1"	"1"	"1"	"1"	"1"	"1"	"1"
"URI103_200"	"3"	""	""	"4"	"1"	"1"	"1"	"1"	"6"	"1"	"7"
"UCT110_200"	"3"	""	""	"4"	"1"	"1"	"1"	"1"	"6"	"1"	"7"
"URI77_200"	"3"	""	""	"4"	"1"	"1"	"1"	"1"	"6"	"1"	"7"
"UNY197_200"	"3"	""	""	"4"	"1"	"1"	"1"	"1"	"6"	"1"	"7"
"UCT106_200"	"36"	""	""	"10"	"5"	"4"	"6"	"1"	"15"	"1"	"6"
"UNY149_200"	"3"	""	""	"4"	"1"	"1"	"1"	"1"	"6"	"1"	"7"
"MR641"	"4"	""	""	"8"	"1"	"1"	"1"	"4"	"6"	"1"	"7"
"BL546"	"4"	""	""	"8"	"1"	"1"	"1"	"4"	"6"	"1"	"7"
"UNY182_200"	"3"	""	""	"4"	"1"	"1"	"1"	"1"	"6"	"1"	"7"
"URI56_200"	"16"	""	""	"2"	"2"	"1"	"2"	"2"	"2"	"2"	"2"
"UMA7_200"	"36"	""	""	"10"	"5"	"4"	"6"	"1"	"15"	"1"	"6"
"B477"	"38"	""	""	"21"	"1"	"15"	"8"	"1"	"18"	"4"	"7"
"UNY176_200"	"7"	""	""	"6"	"1"	"5"	"1"	"1"	"7"	"1"	"8"
"URI99_200"	"36"	""	""	"10"	"5"	"4"	"6"	"1"	"15"	"1"	"6"
"URI38_200"	"37"	""	""	"7"	"6"	"12"	"1"	"1"	"5"	"5"	"5"
"MC104"	"4"	""	""	"8"	"1"	"1"	"1"	"4"	"6"	"1"	"7"
"URI22_200"	"9"	""	""	"10"	"5"	"4"	"6"	"1"	"6"	"1"	"6"
"B483"	"9"	""	""	"10"	"5"	"4"	"6"	"1"	"6"	"1"	"6"
"UNY155_200"	"3"	""	""	"4"	"1"	"1"	"1"	"1"	"6"	"1"	"7"
"URI90_200"	"9"	""	""	"10"	"5"	"4"	"6"	"1"	"6"	"1"	"6"
"UNY195_200"	"1"	""	""	"1"	"1"	"1"	"1"	"1"	"1"	"1"	"1"
"URI61_200"	"1"	""	""	"1"	"1"	"1"	"1"	"1"	"1"	"1"	"1"
"UNY165_200"	"14"	""	""	"9"	"1"	"1"	"7"	"1"	"6"	"1"	"10"
"UCT115_200"	"4"	""	""	"8"	"1"	"1"	"1"	"4"	"6"	"1"	"7"
"URI71_200"	"3"	""	""	"4"	"1"	"1"	"1"	"1"	"6"	"1"	"7"
"UNY188_200"	"3"	""	""	"4"	"1"	"1"	"1"	"1"	"6"	"1"	"7"
"UNY189_200"	"16~"	"Novel ST"	""	"2"	"2"	"1"	"2"	"2"	"2"	"2"	"10"
"UNY163_200"	"7"	""	""	"6"	"1"	"5"	"1"	"1"	"7"	"1"	"8"
"URI116_200"	"36"	""	""	"10"	"5"	"4"	"6"	"1"	"15"	"1"	"6"
"URI64_200"	"3"	""	""	"4"	"1"	"1"	"1"	"1"	"6"	"1"	"7"
"URI41_200"	"1"	""	""	"1"	"1"	"1"	"1"	"1"	"1"	"1"	"1"
"UCT30_200"	"3"	""	""	"4"	"1"	"1"	"1"	"1"	"6"	"1"	"7"
"URI53_200"	"16"	""	""	"2"	"2"	"1"	"2"	"2"	"2"	"2"	"2"
"UMA5_200"	"36"	""	""	"10"	"5"	"4"	"6"	"1"	"15"	"1"	"6"
"UNY180_200"	"3"	""	""	"4"	"1"	"1"	"1"	"1"	"6"	"1"	"7"
"URI47_200"	"3"	""	""	"4"	"1"	"1"	"1"	"1"	"6"	"1"	"7"
"URI48_200"	"9"	""	""	"10"	"5"	"4"	"6"	"1"	"6"	"1"	"6"
"UNY151_200"	"4"	""	""	"8"	"1"	"1"	"1"	"4"	"6"	"1"	"7"
"UCT66_200"	"1"	""	""	"1"	"1"	"1"	"1"	"1"	"1"	"1"	"1"
"UNY154_200"	"3"	""	""	"4"	"1"	"1"	"1"	"1"	"6"	"1"	"7"
"UNY174_200"	"7"	""	""	"6"	"1"	"5"	"1"	"1"	"7"	"1"	"8"
"URI219_200"	"1"	""	""	"1"	"1"	"1"	"1"	"1"	"1"	"1"	"1"
"UMA14_200"	"1"	""	""	"1"	"1"	"1"	"1"	"1"	"1"	"1"	"1"
"URI46_200"	"3"	""	""	"4"	"1"	"1"	"1"	"1"	"6"	"1"	"7"
"UNY142_200"	"50"	""	""	"8"	"1"	"1"	"17"	"1"	"6"	"1"	"10"
"URI68_200"	"36"	""	""	"10"	"5"	"4"	"6"	"1"	"15"	"1"	"6"
"UCT104_200"	"3"	""	""	"4"	"1"	"1"	"1"	"1"	"6"	"1"	"7"
"UNY190_200"	"59"	""	""	"6"	"1"	"5"	"1"	"1"	"7"	"1"	"19"
"URI36_200"	"16"	""	""	"2"	"2"	"1"	"2"	"2"	"2"	"2"	"2"
"UNY148_200"	"4"	""	""	"8"	"1"	"1"	"1"	"4"	"6"	"1"	"7"
"URI55_200"	"19"	""	""	"4"	"4"	"3"	"3"	"3"	"3"	"3"	"3"
"B500"	"15"	""	""	"2"	"2"	"4"	"2"	"2"	"2"	"2"	"2"
"UWI262_200"	"51"	""	""	"8"	"1"	"15"	"8"	"12"	"20"	"1"	"7"
"UMA15_200"	"3"	""	""	"4"	"1"	"1"	"1"	"1"	"6"	"1"	"7"
"URI39_200"	"1"	""	""	"1"	"1"	"1"	"1"	"1"	"1"	"1"	"1"
"UMA1_200"	"3"	""	""	"4"	"1"	"1"	"1"	"1"	"6"	"1"	"7"
"UNY194_200"	"3"	""	""	"4"	"1"	"1"	"1"	"1"	"6"	"1"	"7"
"URI87_200"	"1~"	"Unknown"	""	"1"	"1"	"1"	"1"	"1"	"1"	"1~"	"1"
"K13.hybrid.assembly.contigs"	"9"	""	""	"10"	"5"	"4"	"6"	"1"	"6"	"1"	"6"
"UCT31_200"	"1"	""	""	"1"	"1"	"1"	"1"	"1"	"1"	"1"	"1"
"UMA16_200"	"59"	""	""	"6"	"1"	"5"	"1"	"1"	"7"	"1"	"19"
"URI58_200"	"16"	""	""	"2"	"2"	"1"	"2"	"2"	"2"	"2"	"2"
"UNY152_200"	"18"	""	""	"7"	"6"	"6"	"1"	"1"	"5"	"5"	"5"
"URI23_200"	"3"	""	""	"4"	"1"	"1"	"1"	"1"	"6"	"1"	"7"
"UNY139_200"	"7"	""	""	"6"	"1"	"5"	"1"	"1"	"7"	"1"	"8"
"UMA10_200"	"797"	""	""	"6"	"1"	"5"	"1"	"230"	"242"	"1"	"224"
"URI102_200"	"1"	""	""	"1"	"1"	"1"	"1"	"1"	"1"	"1"	"1"
"UMA4_200"	"3"	""	""	"4"	"1"	"1"	"1"	"1"	"6"	"1"	"7"
"URI100_200"	"59"	""	""	"6"	"1"	"5"	"1"	"1"	"7"	"1"	"19"
"UWI234_200"	"29"	""	""	"18"	"12"	"1"	"11"	"2"	"15"	"1"	"2"
"URI114_200"	"16"	""	""	"2"	"2"	"1"	"2"	"2"	"2"	"2"	"2"
"K86.hybrid.assembly.contigs"	"1"	""	""	"1"	"1"	"1"	"1"	"1"	"1"	"1"	"1"
"UCT109_200"	"1"	""	""	"1"	"1"	"1"	"1"	"1"	"1"	"1"	"1"
"K56.hybrid.assembly.contigs"	"3"	""	""	"4"	"1"	"1"	"1"	"1"	"6"	"1"	"7"
"BL224"	"3"	""	""	"4"	"1"	"1"	"1"	"1"	"6"	"1"	"7"
"UMA12_200"	"1"	""	""	"1"	"1"	"1"	"1"	"1"	"1"	"1"	"1"
"ESI308_200"	"20"	""	""	"14"	"1"	"11"	"1"	"1"	"1"	"1"	"10"
"UNY212_200"	"3"	""	""	"4"	"1"	"1"	"1"	"1"	"6"	"1"	"7"
"UNY145_200"	"1"	""	""	"1"	"1"	"1"	"1"	"1"	"1"	"1"	"1"
"UCT35_200"	"14"	""	""	"9"	"1"	"1"	"7"	"1"	"6"	"1"	"10"
"UNY132_200"	"16"	""	""	"2"	"2"	"1"	"2"	"2"	"2"	"2"	"2"
"UCT83_200"	"3"	""	""	"4"	"1"	"1"	"1"	"1"	"6"	"1"	"7"
"UNY179_200"	"3"	""	""	"4"	"1"	"1"	"1"	"1"	"6"	"1"	"7"
"UNY164_200"	"4"	""	""	"8"	"1"	"1"	"1"	"4"	"6"	"1"	"7"
"UNY181_200"	"3"	""	""	"4"	"1"	"1"	"1"	"1"	"6"	"1"	"7"
"UCT92_200"	"3"	""	""	"4"	"1"	"1"	"1"	"1"	"6"	"1"	"7"
"URI105_200"	"1"	""	""	"1"	"1"	"1"	"1"	"1"	"1"	"1"	"1"
"UMA127_200"	"11"	""	""	"5"	"7"	"5"	"1"	"6"	"1"	"4"	"9"
"B247"	"3"	""	""	"4"	"1"	"1"	"1"	"1"	"6"	"1"	"7"
"K6.hybrid.assembly.contigs"	"1"	""	""	"1"	"1"	"1"	"1"	"1"	"1"	"1"	"1"
"URI108_200"	"59"	""	""	"6"	"1"	"5"	"1"	"1"	"7"	"1"	"19"
"UNY161_200"	"1"	""	""	"1"	"1"	"1"	"1"	"1"	"1"	"1"	"1"
"HB-19"	"16~"	"Unknown"	"uvrA_2,uvrA_2"	"2"	"2"	"1~"	"2"	"2"	"2"	"2"	"2"
"UNY146_200"	"3"	""	""	"4"	"1"	"1"	"1"	"1"	"6"	"1"	"7"
"UMA9_200"	"1"	""	""	"1"	"1"	"1"	"1"	"1"	"1"	"1"	"1"
"URI91_200"	"1"	""	""	"1"	"1"	"1"	"1"	"1"	"1"	"1"	"1"
"UMA11_200"	"38"	""	""	"21"	"1"	"15"	"8"	"1"	"18"	"4"	"7"
"K25.hybrid.assembly.contigs"	"16"	""	""	"2"	"2"	"1"	"2"	"2"	"2"	"2"	"2"
"URI37_200"	"59"	""	""	"6"	"1"	"5"	"1"	"1"	"7"	"1"	"19"
"UCT29_200"	"1"	""	""	"1"	"1"	"1"	"1"	"1"	"1"	"1"	"1"
"UCT74_200"	"1"	""	""	"1"	"1"	"1"	"1"	"1"	"1"	"1"	"1"
"K75.hybrid.assembly.contigs"	"3"	""	""	"4"	"1"	"1"	"1"	"1"	"6"	"1"	"7"
"URI88_200"	"4"	""	""	"8"	"1"	"1"	"1"	"4"	"6"	"1"	"7"
"K73.hybrid.assembly.contigs"	"1"	""	""	"1"	"1"	"1"	"1"	"1"	"1"	"1"	"1"
"URI93_200"	"1"	""	""	"1"	"1"	"1"	"1"	"1"	"1"	"1"	"1"
"UCT113_200"	"4"	""	""	"8"	"1"	"1"	"1"	"4"	"6"	"1"	"7"
"BL206"	"1"	""	""	"1"	"1"	"1"	"1"	"1"	"1"	"1"	"1"
"URI70_200"	"7"	""	""	"6"	"1"	"5"	"1"	"1"	"7"	"1"	"8"
"URI67_200"	"59"	""	""	"6"	"1"	"5"	"1"	"1"	"7"	"1"	"19"
"URI79_200"	"59"	""	""	"6"	"1"	"5"	"1"	"1"	"7"	"1"	"19"
"URI19_200"	"59"	""	""	"6"	"1"	"5"	"1"	"1"	"7"	"1"	"19"
"UWI275_200"	"12~"	"Novel ST"	""	"3"	"3"	"16"	"4"	"4"	"4"	"4"	"4"
"URI75_200"	"1"	""	""	"1"	"1"	"1"	"1"	"1"	"1"	"1"	"1"
"URI40_200"	"1"	""	""	"1"	"1"	"1"	"1"	"1"	"1"	"1"	"1"
"URI57_200"	"59"	""	""	"6"	"1"	"5"	"1"	"1"	"7"	"1"	"19"
"UNY157_200"	"59"	""	""	"6"	"1"	"5"	"1"	"1"	"7"	"1"	"19"
"UCT76_200"	"3"	""	""	"4"	"1"	"1"	"1"	"1"	"6"	"1"	"7"
"URI111_200"	"1"	""	""	"1"	"1"	"1"	"1"	"1"	"1"	"1"	"1"
"K80.hybrid.assembly.contigs"	"19~"	"Unknown"	""	"4~"	"4~"	"3~"	"3~"	"3~"	"3~"	"3~"	"3~"
"K58.hybrid.assembly.contigs"	"1"	""	""	"1"	"1"	"1"	"1"	"1"	"1"	"1"	"1"
"URI72_200"	"1"	""	""	"1"	"1"	"1"	"1"	"1"	"1"	"1"	"1"
"MC123"	"29"	""	""	"18"	"12"	"1"	"11"	"2"	"15"	"1"	"2"
"URI89_200"	"1"	""	""	"1"	"1"	"1"	"1"	"1"	"1"	"1"	"1"
"URI107_200"	"1"	""	""	"1"	"1"	"1"	"1"	"1"	"1"	"1"	"1"
"URI101_200"	"1"	""	""	"1"	"1"	"1"	"1"	"1"	"1"	"1"	"1"
"UMA8_200"	"1"	""	""	"1"	"1"	"1"	"1"	"1"	"1"	"1"	"1"
"URI65_200"	"1"	""	""	"1"	"1"	"1"	"1"	"1"	"1"	"1"	"1"
"K84.hybrid.assembly.contigs"	"59"	""	""	"6"	"1"	"5"	"1"	"1"	"7"	"1"	"19"
"URI24_200"	"1"	""	""	"1"	"1"	"1"	"1"	"1"	"1"	"1"	"1"
"K90.hybrid.assembly.contigs"	"59"	""	""	"6"	"1"	"5"	"1"	"1"	"7"	"1"	"19"
"BL082_H1"	"1~"	"Unknown"	"uvrA_1,uvrA_1"	"1"	"1~"	"1"	"1"	"1"	"1"	"1~"	"1"
"BL515"	"11"	""	""	"5"	"7"	"5"	"1"	"6"	"1"	"4"	"9"
"UMA2_200"	"8"	""	""	"5"	"5"	"4"	"5"	"5"	"5"	"1"	"6"
"UMA13_200"	"59"	""	""	"6"	"1"	"5"	"1"	"1"	"7"	"1"	"19"
"K10.hybrid.assembly.contigs"	"1"	""	""	"1"	"1"	"1"	"1"	"1"	"1"	"1"	"1"
"K18.hybrid.assembly.contigs"	"3"	""	""	"4"	"1"	"1"	"1"	"1"	"6"	"1"	"7"
"K66.hybrid.assembly.contigs"	"1"	""	""	"1"	"1"	"1"	"1"	"1"	"1"	"1"	"1"
"K62.hybrid.assembly.contigs"	"4"	""	""	"8"	"1"	"1"	"1"	"4"	"6"	"1"	"7"
"URI84_200"	"59"	""	""	"6"	"1"	"5"	"1"	"1"	"7"	"1"	"19"
"BL091_B31E2_erpP"	"1~"	"Unknown"	"recG_1,recG_1"	"1"	"1~"	"1"	"1"	"1"	"1"	"1~"	"1"
"K74.hybrid.assembly.contigs"	"1"	""	""	"1"	"1"	"1"	"1"	"1"	"1"	"1"	"1"
"K15.hybrid.assembly.contigs"	"3"	""	""	"4"	"1"	"1"	"1"	"1"	"6"	"1"	"7"
"URI20_200"	"14"	""	""	"9"	"1"	"1"	"7"	"1"	"6"	"1"	"10"
"K72.hybrid.assembly.contigs"	"3"	""	""	"4"	"1"	"1"	"1"	"1"	"6"	"1"	"7"
"EU51_B192411.hybrid.assembly.contigs"	"24"	""	""	"15"	"9"	"12"	"8"	"1"	"11"	"8"	"16"
"K30.hybrid.assembly.contigs"	"16"	""	""	"2"	"2"	"1"	"2"	"2"	"2"	"2"	"2"
"K16.hybrid.assembly.contigs"	"9"	""	""	"10"	"5"	"4"	"6"	"1"	"6"	"1"	"6"
"K7.hybrid.assembly.contigs"	"1"	""	""	"1"	"1"	"1"	"1"	"1"	"1"	"1"	"1"
"K12.hybrid.assembly.contigs"	"3"	""	""	"4"	"1"	"1"	"1"	"1"	"6"	"1"	"7"
"K89.hybrid.assembly.contigs"	"16~"	"Unknown"	""	"2~"	"2"	"1"	"2"	"2"	"6"	"2"	"7"
"EU14_B89613.hybrid.assembly.contigs"	"545"	""	""	"14"	"1"	"11"	"1"	"164"	"1"	"1"	"10"
"K17.hybrid.assembly.contigs"	"3"	""	""	"4"	"1"	"1"	"1"	"1"	"6"	"1"	"7"
"K3.hybrid.assembly.contigs"	"1"	""	""	"1"	"1"	"1"	"1"	"1"	"1"	"1"	"1"
"K57.hybrid.assembly.contigs"	"1"	""	""	"1"	"1"	"1"	"1"	"1"	"1"	"1"	"1"
"K71.hybrid.assembly.contigs"	"1"	""	""	"1"	"1"	"1"	"1"	"1"	"1"	"1"	"1"
"K70.hybrid.assembly.contigs"	"3"	""	""	"4"	"1"	"1"	"1"	"1"	"6"	"1"	"7"
"K60.hybrid.assembly.contigs"	"1~"	"Unknown"	""	"1"	"1"	"1"	"1"	"1"	"1"	"1~"	"1"
"K82.hybrid.assembly.contigs"	"3"	""	""	"4"	"1"	"1"	"1"	"1"	"6"	"1"	"7"
"K11.hybrid.assembly.contigs"	"3"	""	""	"4"	"1"	"1"	"1"	"1"	"6"	"1"	"7"
"K59.hybrid.assembly.contigs"	"3"	""	""	"4"	"1"	"1"	"1"	"1"	"6"	"1"	"7"
"K69.hybrid.assembly.contigs"	"1"	""	""	"1"	"1"	"1"	"1"	"1"	"1"	"1"	"1"
