Rename_A,Original_Name,Patient Code,Origin,Location,OspC_Type,MLST,RST_Type,OspC_Allele,WGS,Disseminated,Source,Multiple_EM(Y/N),skin/blood_pairs,Coverage,#symptoms,Age,Sex,Year,Group,Original_Sample_Type,Seq_Status,Conc.(ng/uL;Qubit),Seq_Date,Batch#,LaneID,Barcode_Index1,Genospecies,Host,Is_Male,Is_Female,Dx,Severity,Date_of_initial_EM_exam,first,6m,12m,Species,Dissem_binary,ACA_binary,LNB_binary,Notes,Additional_Comments_on_Naming,Source,Code,Genus,Species,FastQC_1,BBDuk,FastQC_2,Spades,BBMerge,sp_identification
UMA1,N2,,US,Nantucket,K,3,,,2,L,,,,,,52,f,,LymeLane1,,Sequenced,,8/10/2016,,SN0106241,ATCACG,USBb,human,0,1,,severe,,,,,,0,,,,,Jacob,NA,Borrelia,burgdorferi,y,y,y,y,y,y
UMA2,N4,,US,Nantucket,F,8,,,1,L,,,,,,57,m,,LymeLane2,,Sequenced,,8/10/2016,,SN0106241,GGCTAC,USBb,human,1,0,,severe,,,,,,0,,,,,Jacob,NA,Borrelia,burgdorferi,y,y,y,y,y,y
UMA3,N7,,US,Nantucket,K,3,,,2,L,,,,,,23,m,,LymeLane1,,Sequenced,,8/10/2016,,SN0106241,TTAGGC,USBb,human,1,0,,severe,,,,,,0,,,,,Jacob,NA,Borrelia,burgdorferi,,,,,,
UMA4,N9,,US,Nantucket,K,3,,,2,L,,,,,,72,m,,LymeLane1,,Sequenced,,8/10/2016,,SN0106241,ACTTGA,USBb,human,1,0,,moderate,,,,,,0,,,,,Jacob,NA,Borrelia,burgdorferi,y,y,y,y,y,y
UMA5,N11,,US,Nantucket,N,36,,,1,L,,,,,,50,m,,LymeLane2,,Sequenced,,8/10/2016,,SN0106241,CGATGT,USBb,human,1,0,,mild,,,,,,0,,,,,Jacob,NA,Borrelia,burgdorferi,y,y,y,y,y,y
UMA6,N13,,US,Nantucket,B,59,,,1,L,,,,,,45,m,,LymeLane1,,Sequenced,,8/10/2016,,SN0106241,GATCAG,USBb,human,1,0,,mild,,,,,,0,,,,,Jacob,NA,Borrelia,burgdorferi,y,y,y,y,y,y
UMA7,N15,,US,Nantucket,N,36,,,1,L,,,,,,24,m,,LymeLane2,,Sequenced,,8/10/2016,,SN0106241,TGACCA,USBb,human,1,0,,mild,,,,,,0,,,,,Jacob,NA,Borrelia,burgdorferi,y,y,y,y,y,y
UMA8,N17,,US,Nantucket,A,1,,,1,D,,,,,,27,m,,LymeLane2,,Sequenced,,8/10/2016,,SN0106241,ACAGTG,USBb,human,1,0,,moderate,,,,,,1,,,,,Jacob,NA,Borrelia,burgdorferi,y,y,y,y,y,y
UMA9,N19,,US,Nantucket,A,1,,,1,L,,,,,,54,m,,LymeLane2,,Sequenced,,8/10/2016,,SN0106241,GCCAAT,USBb,human,1,0,,moderate,,,,,,0,,,,,Jacob,NA,Borrelia,burgdorferi,y,y,y,y,y,y
UMA10,N20,,US,Nantucket,B,797 (7),,,1,L,,,,,,48,f,,LymeLane2,,Sequenced,,8/10/2016,,SN0106241,CAGATC,USBb,human,0,1,,mild,,,,,,0,,,,,Jacob,NA,Borrelia,burgdorferi,y,y,y,y,y,y
UMA11,N21,,US,Nantucket,D,38,,,2,L,,,,,,62,f,,LymeLane1,,Sequenced,,8/10/2016,,SN0106241,TAGCTT,USBb,human,0,1,,mild,,,,,,0,,,,,Jacob,NA,Borrelia,burgdorferi,y,y,y,y,y,y
UMA12,N23,,US,Nantucket,A,1,,,1,L,,,,,,78,m,,LymeLane2,,Sequenced,,8/10/2016,,SN0106241,GATCAG,USBb,human,1,0,,severe,,,,,,0,,,,,Jacob,NA,Borrelia,burgdorferi,y,y,y,y,y,y
UMA13,N25,,US,Nantucket,B,59,,,1,L,,,,,,24,m,,LymeLane2,,Sequenced,,8/10/2016,,SN0106241,CTTGTA,USBb,human,1,0,,moderate,,,,,,0,,,,,Jacob,NA,Borrelia,burgdorferi,y,y,y,y,y,y
UMA14,N30,,US,Nantucket,A,1,,,1,L,,,,,,21,m,,LymeLane1,,Sequenced,,8/10/2016,,SN0106241,GGCTAC,USBb,human,1,0,,mild,,,,,,0,,,,,Jacob,NA,Borrelia,burgdorferi,y,y,y,y,y,y
UMA15,N31,,US,Nantucket,K,3,,,2,L,,,,,,60,m,,LymeLane2,,Sequenced,,8/10/2016,,SN0106241,ATCACG,USBb,human,1,0,,mild,,,,,,0,,,,,Jacob,NA,Borrelia,burgdorferi,y,y,y,y,y,y
UMA16,N32,,US,Nantucket,B,59,,,1,L,,,,,,49,f,,LymeLane2,,Sequenced,,8/10/2016,,SN0106241,TAGCTT,USBb,human,0,1,,moderate,,,,,,0,,,,,Jacob,NA,Borrelia,burgdorferi,y,y,y,y,y,y
URI17,R5,,US,RI,B,7,,,1,D,,,,,,67,f,,LymeLane2,,Sequenced,,8/10/2016,,SN0106241,TTAGGC,USBb,human,0,1,,moderate,,,,,,1,,,,,Jacob,NA,Borrelia,burgdorferi,y,y,y,y,y,y
URI18,R6,,US,RI,K,16,,,3,D,,,,,,63,f,,LymeLane1,,Sequenced,,8/10/2016,,SN0106241,CGATGT,USBb,human,0,1,,mild,,,,,,1,,,,,Jacob,NA,Borrelia,burgdorferi,y,y,y,y,y,y
URI19,R7,,US,RI,B,59,,,1,L,,,,,,66,m,,LymeLane1,,Sequenced,,8/10/2016,,SN0106241,TGACCA,USBb,human,1,0,,moderate,,,,,,0,,,,,Jacob,NA,Borrelia,burgdorferi,y,y,y,y,y,y
URI20,R8,,US,RI,G,14,,,2,L,,,,,,68,m,,LymeLane1,,Sequenced,,8/10/2016,,SN0106241,ACAGTG,USBb,human,1,0,,moderate,,,,,,0,,,,,Jacob,NA,Borrelia,burgdorferi,y,y,y,y,y,y
URI21,R9,,US,RI,K,59,,,1,L,,,,,,74,m,,LymeLane1,,Sequenced,,8/10/2016,,SN0106241,GCCAAT,USBb,human,1,0,,moderate,,,,,,0,,,,,Jacob,NA,Borrelia,burgdorferi,y,y,y,y,y,y
URI22,R10,,US,RI,N,9,,,1,L,,,,,,51,m,,LymeLane1,,Sequenced,,8/10/2016,,SN0106241,CAGATC,USBb,human,1,0,,moderate,,,,,,0,,,,,Jacob,NA,Borrelia,burgdorferi,y,y,y,y,y,y
URI23,R11,,US,RI,K,3,,,2,L,,,,,,57,f,,LymeLane1,,Sequenced,,8/10/2016,,SN0106241,CTTGTA,USBb,human,0,1,,mild,,,,,,0,,,,,Jacob,NA,Borrelia,burgdorferi,y,y,y,y,y,y
URI24,R12,,US,RI,A,1,,,1,D,,,,,,46,m,,LymeLane2,,Sequenced,,8/10/2016,,SN0106241,ACTTGA,USBb,human,1,0,,severe,,,,,,1,,,,,Jacob,NA,Borrelia,burgdorferi,y,y,y,y,y,y
ESI25,B896/13,B896/13,EU,Slovenia,,545,,,1,,,,,,,50,F,,EUDNAsamples,DNA,Sequenced,18.2,1/19/18,1,SN0140937,ATTGAGGA,EUBb,human,0,1,EM,,26.6.2013,no,yes,no,B.burgdorferi,0,,,,,Klemen,NA,Borrelia,burgdorferi,y,y,y,y,y,y
ESI26,EUbbssFN5,B1904/13,EU,Slovenia,R,ST20,,,1,,Skin,,,,0,27,F,,EUDNAsamples,DNA,Sequenced,33.8,2/8/18,3,SN0142273,AAACATCG,EUBb,human,,,,,,,,,,NA,,,,,Klemen,NA,Borrelia,burgdorferi,y,y,y,y,y,y
ESI27,B1924/11,B1924/11,EU,Slovenia,,24,,,2,,,,,,,,,,EUDNAsamples,DNA,Sequenced,22.3,2/8/18,2,SN0142270,CCGAAGTA,EUBb,human,,,,,,,,,,NA,,,,,Klemen,NA,Borrelia,burgdorferi,y,y,y,y,y,y
ESI28,EUBBssDA4,B2526/13,EU,Slovenia,,,,,,,,,,,,,,,EUDNAsamples,DNA,Sequenced,3.44,2/8/18,3,SN0142272,CCAGTTCA,EUBb,human,,,,,,,,,,NA,,,,,,,,,,,,,,
UCT29,K1,,US,CT,A,1,1,,1,D,,,,,,49,m,,KlemenBorreliaLane1,,Sequenced,,6/7/2018,,SN0150514,AAACATCG,USBb,human,1,0,,severe,,,,,,1,,,,,,,,,,,,,,
UCT30,K11,,US,CT,K,3,2,,2,D,,,,,,34,f,,KlemenBorreliaLane1,,Sequenced,,6/7/2018,,SN0150514,AGTACAAG,USBb,human,0,1,,severe,,,,,,1,,,,,,,,,,,,,,
UCT31,K10,,US,CT,A,1,1,,1,D,,,,,,53,m,,KlemenBorreliaLane2,,Sequenced,,6/7/2018,,SN0150515,GCCACATA,USBb,human,1,0,,severe,,,,,,1,,,,,,,,,,,,,,
UCT32,K15,,US,CT,K,3,2,,2,D,,,,,,69,f,,KlemenBorreliaLane3,,Sequenced,,6/7/2018,,SN0150512,CAGATCTG,USBb,human,0,1,,mild,,,,,,1,,,,,,,,,,,,,,
URI33,K16,,US,RI,N,9,2,,1,D,,,,,,26,m,,KlemenBorreliaLane1,,Sequenced,,6/7/2018,,SN0150514,GACTAGTA,USBb,human,1,0,,moderate,,,,,,1,,,,,,,,,,,,,,
URI34,K22,,US,RI,D,38,3,,2,D,,,,,,36,m,,KlemenBorreliaLane1,,Sequenced,,6/7/2018,,SN0150514,CATCAAGT,USBb,human,1,0,,mild,,,,,,1,,,,,,,,,,,,,,
UCT35,K24,,US,CT,G,14,3,,2,L,,,,,,52,f,,KlemenBorreliaLane2,,Sequenced,,6/7/2018,,SN0150515,CCGTGAGA,USBb,human,0,1,,severe,,,,,,0,,,,,,,,,,,,,,
URI36,K25,,US,RI,I,16,3,,3,D,,,,,,43,m,,KlemenBorreliaLane3,,Sequenced,,6/7/2018,,SN0150512,AACGTGAT,USBb,human,1,0,,severe,,,,,,1,,,,,,,,,,,,,,
URI37,KA1,,US,RI,,59,,,1,L,,,,,,42,m,,KlemenBorreliaLane1,,Sequenced,,6/7/2018,,SN0150514,ACCACTGT,USBb,human,1,0,,severe,,,,,,0,,,,,,,,,,,,,,
URI38,KA6,,US,RI,,37,,,2,L,,,,,,52,f,,KlemenBorreliaLane3,,Sequenced,,6/7/2018,,SN0150512,CCGAAGTA,USBb,human,0,1,,moderate,,,,,,0,,,,,,,,,,,,,,
URI39,K2,,US,RI,A,1,1,,1,D,,,,,,74,f,,KlemenBorreliaLane2,,Sequenced,,6/7/2018,,SN0150515,CCAGTTCA,USBb,human,0,1,,moderate,,,,,,1,,,,,,,,,,,,,,
URI40,K3,,US,RI,A,1,1,,1,D,,,,,,43,f,,KlemenBorreliaLane2,,Sequenced,,6/7/2018,,SN0150515,ATTGAGGA,USBb,human,0,1,,moderate,,,,,,1,,,,,,,,,,,,,,
URI41,K6,,US,RI,A,1,1,,1,L,,,,,,58,f,,KlemenBorreliaLane1,,Sequenced,,6/7/2018,,SN0150514,ATGCCTAA,USBb,human,0,1,,severe,,,,,,0,,,,,,,,,,,,,,
URI42,K7,,US,RI,A,1,1,,1,L,,,,,,59,f,,KlemenBorreliaLane3,,Sequenced,,6/7/2018,,SN0150512,ACAAGCTA,USBb,human,0,1,,severe,,,,,,0,,,,,,,,,,,,,,
URI43,K9,,US,RI,A,1,1,,1,L,,,,,,49,m,,KlemenBorreliaLane3,,Sequenced,,6/7/2018,,SN0150512,AGATGTAC,USBb,human,1,0,,moderate,,,,,,0,,,,,,,,,,,,,,
URI44,K12,,US,RI,K,3,2,,2,D,,,,,,21,m,,KlemenBorreliaLane1,,Sequenced,,6/7/2018,,SN0150514,ACATTGGC,USBb,human,1,0,,severe,,,,,,1,,,,,,,,,,,,,,
URI45,K13,,US,RI,K,,2,,,D,,,,,,34,f,,KlemenBorreliaLane2,,Sequenced,,6/7/2018,,SN0150515,CACTTCGA,USBb,human,0,1,,moderate,,,,,,1,,,,,,,,,,,,,,
URI46,K17,,US,RI,K,3,2,,2,L,,,,,,53,m,,KlemenBorreliaLane1,,Sequenced,,6/7/2018,,SN0150514,CAGATCTG,USBb,human,1,0,,mild,,,,,,0,,,,,,,,,,,,,,
URI47,K18,,US,RI,K,3,2,,2,L,,,,,,58,f,,KlemenBorreliaLane2,,Sequenced,,6/7/2018,,SN0150515,CCTCCTGA,USBb,human,0,1,,mild,,,,,,0,,,,,,,,,,,,,,
URI48,K19,,US,RI,N,9,2,,1,L,,,,,,67,f,,KlemenBorreliaLane2,,Sequenced,,6/7/2018,,SN0150515,CAATGGAA,USBb,human,0,1,,mild,,,,,,0,,,,,,,,,,,,,,
URI49,K20,,US,RI,F,8,2,,1,L,,,,,,64,f,,KlemenBorreliaLane3,,Sequenced,,6/7/2018,,SN0150512,CGCTGATC,USBb,human,0,1,,moderate,,,,,,0,,,,,,,,,,,,,,
UCT50,K21,,US,CT,E,19,3,,3,D,,,,,,45,m,,KlemenBorreliaLane2,,Sequenced,,6/7/2018,,SN0150515,AGTACAAG,USBb,human,1,0,,severe,,,,,,1,,,,,,,,,,,,,,
UCT51,K23,,US,CT,I,16,3,,3,L,,,,,,44,m,,KlemenBorreliaLane3,,Sequenced,,6/7/2018,,SN0150512,GTGTTCTA,USBb,human,1,0,,severe,,,,,,0,,,,,,,,,,,,,,
URI52,K26,,US,RI,I,16,3,,3,L,,,,,,48,f,,KlemenBorreliaLane3,,Sequenced,,6/7/2018,,SN0150512,TTCACGCA,USBb,human,0,1,,mild,,,,,,0,,,,,,,,,,,,,,
URI53,K27,,US,RI,I,16,3,,3,L,,,,,,36,f,,KlemenBorreliaLane2,,Sequenced,,6/7/2018,,SN0150515,CCGAAGTA,USBb,human,0,1,,severe,,,,,,0,,,,,,,,,,,,,,
URI54,K28,,US,RI,G,14,3,,2,L,,,,,,41,m,,KlemenBorreliaLane3,,Sequenced,,6/7/2018,,SN0150512,GTCTGTCA,USBb,human,1,0,,mild,,,,,,0,,,,,,,,,,,,,,
URI55,K29,,US,RI,E,19,3,,3,L,,,,,,56,f,,KlemenBorreliaLane1,,Sequenced,,6/7/2018,,SN0150514,AGTGGTCA,USBb,human,0,1,,severe,,,,,,0,,,,,,,,,,,,,,
URI56,K30,,US,RI,I,16,3,,3,L,,,,,,52,m,,KlemenBorreliaLane2,,Sequenced,,6/7/2018,,SN0150515,CATACCAA,USBb,human,1,0,,moderate,,,,,,0,,,,,,,,,,,,,,
URI57,KA2,,US,RI,,59,,,1,L,,,,,,55,f,,KlemenBorreliaLane1,,Sequenced,,6/7/2018,,SN0150514,AACGTGAT,USBb,human,0,1,,mild,,,,,,0,,,,,,,,,,,,,,
URI58,KA3,,US,RI,,16,,,3,L,,,,,,57,m,,KlemenBorreliaLane3,,Sequenced,,6/7/2018,,SN0150512,CTGTAGCC,USBb,human,1,0,,moderate,,,,,,0,,,,,,,,,,,,,,
URI59,KA4,,US,RI,,14,,,2,L,,,,,,,m,,KlemenBorreliaLane3,,Sequenced,,6/7/2018,,SN0150512,CATCAAGT,USBb,human,1,0,,mild,,,,,,0,,,,,,,,,,,,,,
URI60,KA5,,US,RI,,9,,,1,L,,,,,,64,f,,KlemenBorreliaLane2,,Sequenced,,6/7/2018,,SN0150515,CAGCGTTA,USBb,human,0,1,,moderate,,,,,,0,,,,,,,,,,,,,,
URI61,K4,,US,RI,A,1,1,,1,D,,,,,,48,f,,LMFKlemenLane2,,Sequenced,,6/26/2018,,SN0152079,CGCTGATC,USBb,human,0,1,,severe,,,,,,1,,,,,,,,,,,,,,
UCT62,K14,,US,CT,K,3,2,,2,D,,,,,,45,f,,LMFKlemenLane2,,Sequenced,,6/26/2018,,SN0152079,GTCTGTCA,USBb,human,0,1,,moderate,,,,,,1,,,,,,,,,,,,,,
URI63,K34,,US,RI,A,1,1,,1,L,,,,,,16,m,,LMFKlemenLane1,,Sequenced,,6/26/2018,,SN0151889,GACTAGTA,USBb,human,1,0,,mild,,,,,,0,,,,,,,,,,,,,,
URI64,K40,,US,RI,K,3,2,,2,L,,,,,,37,f,,LMFKlemenLane1,,Sequenced,,6/26/2018,,SN0151889,CCAGTTCA,USBb,human,0,1,,moderate,,,,,,0,,,,,,,,,,,,,,
URI65,K5,,US,RI,A,1,1,,1,L,,,,,,55,m,,LMFKlemenLane2,,Sequenced,,6/26/2018,,SN0152079,ACAAGCTA,USBb,human,1,0,,severe,,,,,,0,,,,,,,,,,,,,,
UCT66,K8,,US,CT,A,1,1,,1,D,,,,,,78,m,,LMFKlemenLane2,,Sequenced,,6/26/2018,,SN0152079,CTGTAGCC,USBb,human,1,0,,severe,,,,,,1,,,,,,,,,,,,,,
URI67,K31,,US,RI,B,59,1,,1,L,,,,,,42,m,,LMFKlemenLane2,,Sequenced,,6/26/2018,,SN0152079,GTGTTCTA,USBb,human,1,0,,moderate,,,,,,0,,,,,,,,,,,,,,
URI68,K32,,US,RI,N,36,2,,1,D,,,,,,57,m,,LMFKlemenLane1,,Sequenced,,6/26/2018,,SN0151889,AGTACAAG,USBb,human,1,0,,mild,,,,,,1,,,,,,,,,,,,,,
UCT69,K33,,US,CT,B,59,1,,1,D,,,,,,38,f,,LMFKlemenLane1,,Sequenced,,6/26/2018,,SN0151889,ATTGAGGA,USBb,human,0,1,,severe,,,,,,1,,,,,,,,,,,,,,
URI70,K35,,US,RI,B,7,1,,1,D,,,,,,66,m,,LMFKlemenLane2,,Sequenced,,6/26/2018,,SN0152079,TTCACGCA,USBb,human,1,0,,moderate,,,,,,1,,,,,,,,,,,,,,
URI71,K36,,US,RI,,3,,,2,D,,,,,,52,f,,LMFKlemenLane1,,Sequenced,,6/26/2018,,SN0151889,CAATGGAA,USBb,human,0,1,,severe,,,,,,1,,,,,,,,,,,,,,
URI72,K37,,US,RI,A,1,1,,1,L,,,,,,70,f,,LMFKlemenLane1,,Sequenced,,6/26/2018,,SN0151889,CACTTCGA,USBb,human,0,1,,severe,,,,,,0,,,,,,,,,,,,,,
UCT73,K38,,US,CT,K,3,2,,2,D,,,,,,15,m,,LMFKlemenLane1,,Sequenced,,6/26/2018,,SN0151889,CAGCGTTA,USBb,human,1,0,,severe,,,,,,1,,,,,,,,,,,,,,
UCT74,K39,,US,CT,A,1,1,,1,D,,,,,,57,m,,LMFKlemenLane1,,Sequenced,,6/26/2018,,SN0151889,CATACCAA,USBb,human,1,0,,severe,,,,,,1,,,,,,,,,,,,,,
URI75,K41,,US,RI,A,1,1,,1,D,,,,,,37,f,,LMFKlemenLane2,,Sequenced,,6/26/2018,,SN0152079,AGATGTAC,USBb,human,0,1,,severe,,,,,,1,,,,,,,,,,,,,,
UCT76,K42,,US,CT,K,3,2,,2,L,,,,,,45,m,,LMFKlemenLane1,,Sequenced,,6/26/2018,,SN0151889,CCGAAGTA,USBb,human,1,0,,moderate,,,,,,0,,,,,,,,,,,,,,
URI77,K43,,US,RI,K,3,2,,2,D,,,,,,39,f,,LMFKlemenLane1,,Sequenced,,6/26/2018,,SN0151889,CCGTGAGA,USBb,human,0,1,,moderate,,,,,,1,,,,,,,,,,,,,,
URI78,K44,,US,RI,B,59,1,,1,D,,,,,,49,m,,LMFKlemenLane1,,Sequenced,,6/26/2018,,SN0151889,CCTCCTGA,USBb,human,1,0,,moderate,,,,,,1,,,,,,,,,,,,,,
URI79,K45,,US,RI,B,59,1,,1,D,,,,,,56,f,,LMFKlemenLane1,,Sequenced,,6/26/2018,,SN0151889,GCCACATA,USBb,human,0,1,,moderate,,,,,,1,,,,,,,,,,,,,,
URI80,K46,,US,RI,I,new_st,2,,2,D,,,,,,49,m,,LMFKlemenLane2,,Sequenced,,6/26/2018,,SN0152079,AACGTGAT,USBb,human,1,0,,severe,,cd,,,,1,,,,,,,,,,,,,,
URI81,K47,,US,RI,N,,2,,1,D,,,,,,32,m,,LMFKlemenLane2,,Sequenced,,6/26/2018,,SN0152079,ACCACTGT,USBb,human,1,0,,severe,,,,,,1,,,,,,,,,,,,,,
UCT82,K48,,US,CT,H,54,2,,3,L,,,,,,20,m,,LMFKlemenLane2,,Sequenced,,6/26/2018,,SN0152079,ACATTGGC,USBb,human,1,0,,severe,,,,,,0,,,,,,,,,,,,,,
UCT83,K49,,US,CT,K,3,2,,2,L,,,,,,49,m,,LMFKlemenLane2,,Sequenced,,6/26/2018,,SN0152079,CAGATCTG,USBb,human,1,0,,mild,,,,,,0,,,,,,,,,,,,,,
URI84,K50,,US,RI,B,59,2,,1,L,,,,,,63,f,,LMFKlemenLane2,,Sequenced,,6/26/2018,,SN0152079,CATCAAGT,USBb,human,0,1,,mild,,,,,,0,,,,,,,,,,,,,,
URI85,K52,,US,RI,N,9,2,,1,L,,,,,,32,m,,KLisolateslane1of4,,Sequenced,,8/1/2018,,SN0154236,AAACATCG,USBb,human,1,0,,severe,,,,,,0,,,,,,,,,,,,,,
URI86,K56,,US,RI,K,3,2,,2,L,,,,,,59,m,,KLisolateslane1of4,,Sequenced,,8/1/2018,,SN0154236,ACATTGGC,USBb,human,1,0,,moderate,,,,,,0,,,,,,,,,,,,,,
URI87,K60,,US,RI,A,,1,,1,D,,,,,,52,m,,KLisolateslane1of4,,Sequenced,,8/1/2018,,SN0154236,GACTAGTA,USBb,human,1,0,,mild,,,,,,1,,,,,,,,,,,,,,
URI88,K62,,US,RI,H,4,2,,2,L,,,,,,57,f,,KLisolateslane2of4,,Sequenced,,8/1/2018,,SN0154239,ATTGAGGA,USBb,human,0,1,,severe,,,,,,0,,,,,,,,,,,,,,
URI89,K64,,US,RI,A,1,1,,1,D,,,,,,39,m,,KLisolateslane2of4,,Sequenced,,8/1/2018,,SN0154239,CAGCGTTA,USBb,human,1,0,,severe,,,,,,1,,,,,,,,,,,,,,
URI90,K68,,US,RI,N,9,2,,1,D,,,,,,67,m,,KLisolateslane2of4,,Sequenced,,8/1/2018,,SN0154239,CCGTGAGA,USBb,human,1,0,,moderate,,,,,,1,,,,,,,,,,,,,,
URI91,K71,,US,RI,A,1,1,,1,L,,,,,,53,f,,KLisolateslane3of4,,Sequenced,,8/1/2018,,SN0154237,CAGATCTG,USBb,human,0,1,,moderate,,,,,,0,,,,,,,,,,,,,,
UCT92,K72,,US,CT,K,3,2,,2,L,,,,,,55,f,,KLisolateslane3of4,,Sequenced,,8/1/2018,,SN0154237,CATCAAGT,USBb,human,0,1,,moderate,,,,,,0,,,,,,,,,,,,,,
URI93,K73,,US,RI,A,1,1,,1,D,,,,,,54,f,,KLisolateslane3of4,,Sequenced,,8/1/2018,,SN0154237,CGCTGATC,USBb,human,0,1,,severe,,,,,,1,,,,,,,,,,,,,,
URI94,K77,,US,RI,K,3,2,,2,D,,,,,,41,m,,KLisolateslane3of4,,Sequenced,,8/1/2018,,SN0154237,GTCTGTCA,USBb,human,1,0,,severe,,,,,,1,,,,,,,,,,,,,,
UCT95,K80,,US,CT,E,,3,,,L,,,,,,66,f,,KLisolateslane3of4,,Sequenced,,8/1/2018,,SN0154237,AGATGTAC,USBb,human,0,1,,mild,,,,,,0,,,,,,,,,,,,,,
UCT96,K84,,US,CT,B,59,1,,1,D,,,,,,51,m,,KLisolateslane4of4,,Sequenced,,8/1/2018,,SN0154238,ACATTGGC,USBb,human,1,0,,moderate,,,,,,1,,,,,,,,,,,,,,
URI97,K51,,US,RI,K,3,2,,,L,,,,,,39,m,,KLisolateslane1of4,,Sequenced,,8/1/2018,,SN0154236,AACGTGAT,USBb,human,1,0,,mild,,,,,,0,,,,,,,,,,,,,,
URI98,K53,,US,RI,K,3,2,,2,D,,,,,,70,m,,KLisolateslane1of4,,Sequenced,,8/1/2018,,SN0154236,ATGCCTAA,USBb,human,1,0,,severe,,,,,,1,,,,,,,,,,,,,,
URI99,K54,,US,RI,N,36,2,,1,D,,,,,,67,f,,KLisolateslane1of4,,Sequenced,,8/1/2018,,SN0154236,AGTGGTCA,USBb,human,0,1,,moderate,,,,,,1,,,,,,,,,,,,,,
URI100,K55,,US,RI,B,59,1,,1,L,,,,,,41,f,,KLisolateslane1of4,,Sequenced,,8/1/2018,,SN0154236,ACCACTGT,USBb,human,0,1,,mild,,,,,,0,,,,,,,,,,,,,,
URI101,K57,,US,RI,A,1,1,,1,D,,,,,,78,f,,KLisolateslane1of4,,Sequenced,,8/1/2018,,SN0154236,CAGATCTG,USBb,human,0,1,,severe,,,,,,1,,,,,,,,,,,,,,
URI102,K58,,US,RI,A,1,1,,1,D,,,,,,36,f,,KLisolateslane1of4,,Sequenced,,8/1/2018,,SN0154236,CATCAAGT,USBb,human,0,1,,severe,,,,,,1,,,,,,,,,,,,,,
URI103,K59,,US,RI,K,3,2,,2,L,,,,,,43,f,,KLisolateslane1of4,,Sequenced,,8/1/2018,,SN0154236,AGTACAAG,USBb,human,0,1,,severe,,,,,,0,,,,,,,,,,,,,,
UCT104,K61,,US,CT,K,3,2,,2,D,,,,,,41,f,,KLisolateslane2of4,,Sequenced,,8/1/2018,,SN0154239,AGTACAAG,USBb,human,0,1,,moderate,,,,,,1,,,,,,,,,,,,,,
URI105,K63,,US,RI,A,1,1,,1,D,,,,,,45,m,,KLisolateslane2of4,,Sequenced,,8/1/2018,,SN0154239,CACTTCGA,USBb,human,1,0,,mild,,,,,,1,,,,,,,,,,,,,,
UCT106,K65,,US,CT,N,36,2,,1,D,,,,,,52,f,,KLisolateslane2of4,,Sequenced,,8/1/2018,,SN0154239,CATACCAA,USBb,human,0,1,,mild,,,,,,1,,,,,,,,,,,,,,
URI107,K66,,US,RI,A,1,1,,1,D,,,,,,67,f,,KLisolateslane2of4,,Sequenced,,8/1/2018,,SN0154239,CCAGTTCA,USBb,human,0,1,,moderate,,,,,,1,,,,,,,,,,,,,,
URI108,K67,,US,RI,B,59,1,,1,D,,,,,,56,f,,KLisolateslane2of4,,Sequenced,,8/1/2018,,SN0154239,CCGAAGTA,USBb,human,0,1,,severe,,,,,,1,,,,,,,,,,,,,,
UCT109,K69,,US,CT,A,1,1,,1,L,,,,,,29,m,,KLisolateslane2of4,,Sequenced,,8/1/2018,,SN0154239,CCTCCTGA,USBb,human,1,0,,mild,,,,,,0,,,,,,,,,,,,,,
UCT110,K70,,US,CT,K,3,2,,2,D,,,,,,38,m,,KLisolateslane2of4,,Sequenced,,8/1/2018,,SN0154239,GCCACATA,USBb,human,1,0,,moderate,,,,,,1,,,,,,,,,,,,,,
URI111,K74,,US,RI,A,1,1,,1,D,,,,,,18,m,,KLisolateslane3of4,,Sequenced,,8/1/2018,,SN0154237,ACAAGCTA,USBb,human,1,0,,mild,,,,,,1,,,,,,,,,,,,,,
URI112,K75,,US,RI,K,3,2,,2,L,,,,,,42,f,,KLisolateslane3of4,,Sequenced,,8/1/2018,,SN0154237,CTGTAGCC,USBb,human,0,1,,moderate,,,,,,0,,,,,,,,,,,,,,
UCT113,K76,,US,CT,H,4,2,,2,D,,,,,,24,m,,KLisolateslane3of4,,Sequenced,,8/1/2018,,SN0154237,CCGAAGTA,USBb,human,1,0,,severe,,,,,,1,,,,,,,,,,,,,,
URI114,K78,,US,RI,I,16,3,,3,D,,,,,,49,m,,KLisolateslane3of4,,Sequenced,,8/1/2018,,SN0154237,GTGTTCTA,USBb,human,1,0,,moderate,,,,,,1,,,,,,,,,,,,,,
UCT115,K79,,US,CT,H,4,2,,2,D,,,,,,39,m,,KLisolateslane3of4,,Sequenced,,8/1/2018,,SN0154237,TTCACGCA,USBb,human,1,0,,severe,,,,,,1,,,,,,,,,,,,,,
URI116,K81,,US,RI,N,36,2,,1,L,,,,,,46,f,,KLisolateslane4of4,,Sequenced,,8/1/2018,,SN0154238,AAACATCG,USBb,human,0,1,,severe,,,,,,0,,,,,,,,,,,,,,
URI117,K82,,US,RI,K,3,2,,2,L,,,,,,35,f,,KLisolateslane4of4,,Sequenced,,8/1/2018,,SN0154238,ATGCCTAA,USBb,human,0,1,,severe,,,,,,0,,,,,,,,,,,,,,
URI118,K83,,US,RI,K,3,2,,2,L,,,,,,45,m,,KLisolateslane4of4,,Sequenced,,8/1/2018,,SN0154238,ACCACTGT,USBb,human,1,0,,moderate,,,,,,0,,,,,,,,,,,,,,
URI119,K85,,US,RI,A,1,1,,1,L,,,,,,74,m,,KLisolateslane4of4,,Sequenced,,8/1/2018,,SN0154238,CAGATCTG,USBb,human,1,0,,moderate,,,,,,0,,,,,,,,,,,,,,
URI120,K86,,US,RI,A,1,1,,1,D,,,,,,31,f,,KLisolateslane4of4,,Sequenced,,8/1/2018,,SN0154238,CATCAAGT,USBb,human,0,1,,severe,,,,,,1,,,,,,,,,,,,,,
UCT121,K87,,US,CT,B,59,1,,1,L,,,,,,59,m,,KLisolateslane4of4,,Sequenced,,8/1/2018,,SN0154238,ATTGAGGA,USBb,human,1,0,,severe,,,,,,0,,,,,,,,,,,,,,
URI122,K88,,US,RI,K,3,2,,2,L,,,,,,82,f,,KLisolateslane4of4,,Sequenced,,8/1/2018,,SN0154238,GCCACATA,USBb,human,0,1,,mild,,,,,,0,,,,,,,,,,,,,,
,,,,,,,,,,,,,,,,,,,,,,,,,,,,,,,,,,,,,,,,,,,,,,,,,,,,
UCT124,K90,,US,CT,B,59,1,,1,L,,,,,,39,f,,KLisolateslane4of4,,Sequenced,,8/1/2018,,SN0154238,GTGTTCTA,USBb,human,0,1,,severe,,,,,,0,,,,,,,,,,,,,,
URI125,K91,,US,RI,K,3,2,,2,L,,,,,,52,f,,EUDNAsampleLane1,,Sequenced,,8/16/2018,,SN0155389,AACGTGAT,USBb,human,0,1,,mild,,,,,,0,,,,,,,,,,,,,,
URI126,K92,,US,RI,A,1,1,,1,L,,,,,,48,m,,EUDNAsampleLane1,,Sequenced,,8/16/2018,,SN0155389,AAACATCG,USBb,human,1,0,,severe,,,,,,0,,,,,,,,,,,,,,
UMA127,N14,,US,Nantucket,C,11,,,,L,,N,,27.870549,,,,2015,,,,,,,,,,,,,,,,,,,,,,,,,,,,,,,,,,
UMA128,N33,,US,Nantucket,K,3,,,,L,,N,,43.123308,,,,2015,,,,,,,,,,,,,,,,,,,,,,,,,,,,,,,,,,
UNY129,B5,,US,NY,A,1,1,,,L,Skin,N,,66.699584,,,,1992,,,,,,,,,,,,,,,,,,,,,,,,,,,,,,,,,,
UNY130,B19,,US,NY,K,3,2,,,L,Skin,N,,50.979385,,,,1992,,,,,,,,,,,,,,,,,,,,,,,,,,,,,,,,,,
UNY131,B23,,US,NY,G,50,3,,,L,Skin,N,,64.912607,,,,1992,,,,,,,,,,,,,,,,,,,,,,,,,,,,,,,,,,
UNY132,B26,,US,NY,I,16,3,,,L,Skin,N,,43.065214,,,,1992,,,,,,,,,,,,,,,,,,,,,,,,,,,,,,,,,,
UNY133,B48,,US,NY,F,8,2,,,D,Skin,N,BL55,32.365652,,,,1993,,,,,,,,,,,,,,,,,,,,,,,,,,,,,,,,,,
UNY134,B62,,US,NY,N,36,2,,,D,Skin,N,BL72,47.781282,,,,1993,,,,,,,,,,,,,,,,,,,,,,,,,,,,,,,,,,
UNY135,B68,,US,NY,I,16,3,,,L,Skin,N,,53.083571,,,,1993,,,,,,,,,,,,,,,,,,,,,,,,,,,,,,,,,,
UNY136,B76,,US,NY,E,19,3,,,L,Skin,N,,42.827068,,,,1993,,,,,,,,,,,,,,,,,,,,,,,,,,,,,,,,,,
UNY137,B83,,US,NY,O,54,3,Ob,,L,Skin,N,,35.900718,,,,1993,,,,,,,,,,,,,,,,,,,,,,,,,,,,,,,,,,
UNY138,B93,,US,NY,N,9,2,,,L,Skin,N,,74.803834,,,,1994,,,,,,,,,,,,,,,,,,,,,,,,,,,,,,,,,,
UNY139,B123,,US,NY,B,7,1,,,L,Skin,N,,40.651546,,,,1994,,,,,,,,,,,,,,,,,,,,,,,,,,,,,,,,,,
UNY140,B124,,US,NY,E,19,3,,,L,Skin,N,,45.200246,,,,1994,,,,,,,,,,,,,,,,,,,,,,,,,,,,,,,,,,
UNY141,B156,,US,NY,F,8,2,ospC_AT6,,L,Skin,N,,50.658637,,,,1994,,,,,,,,,,,,,,,,,,,,,,,,,,,,,,,,,,
UNY142,B157,,US,NY,G,50,3,,,L,Skin,N,,51.415654,,,,1994,,,,,,,,,,,,,,,,,,,,,,,,,,,,,,,,,,
UNY143,B210,,US,NY,M,12,3,,,L,Skin,N,,43.756813,,,,1995,,,,,,,,,,,,,,,,,,,,,,,,,,,,,,,,,,
UNY144,B225,,US,NY,U,18,3,,,L,Skin,N,,46.016499,,,,1995,,,,,,,,,,,,,,,,,,,,,,,,,,,,,,,,,,
UNY145,B229,,US,NY,A,1,1,,,L,Skin,N,,65.633688,,,,1995,,,,,,,,,,,,,,,,,,,,,,,,,,,,,,,,,,
UNY146,B232,,US,NY,K,3,2,,,L,Skin,N,,52.915411,,,,1995,,,,,,,,,,,,,,,,,,,,,,,,,,,,,,,,,,
UNY147,B236,,US,NY,J,34,3,ospC_AT10,,L,Skin,N,,12.662349,,,,1995,,,,,,,,,,,,,,,,,,,,,,,,,,,,,,,,,,
UNY148,B244,,US,NY,H,4,2,,,L,Skin,N,,54.242192,,,,1995,,,,,,,,,,,,,,,,,,,,,,,,,,,,,,,,,,
UNY149,B247,,US,NY,K,3,2,,,D,Skin,N,BL146,55.749564,,,,1995,,,,,,,,,,,,,,,,,,,,,,,,,,,,,,,,,,
UNY150,B250,,US,NY,B,7,1,,,D,Skin,N,BL149,154.89615,,,,1995,,,,,,,,,,,,,,,,,,,,,,,,,,,,,,,,,,
UNY151,B251,,US,NY,H,4,2,Hb,,D,Skin,Y,,118.980911,,,,1995,,,,,,,,,,,,,,,,,,,,,,,,,,,,,,,,,,
UNY152,B252,,US,NY,U,18,3,,,L,Skin,N,,96.901043,,,,1995,,,,,,,,,,,,,,,,,,,,,,,,,,,,,,,,,,
UNY153,B253,,US,NY,A,1,1,,,D,Skin,N,BL152,128.777072,,,,1995,,,,,,,,,,,,,,,,,,,,,,,,,,,,,,,,,,
UNY154,B257,,US,NY,K,3,2,,,L,Skin,N,,76.670313,,,,1995,,,,,,,,,,,,,,,,,,,,,,,,,,,,,,,,,,
UNY155,B258,,US,NY,K,3,2,,,L,Skin,N,,56.581953,,,,1995,,,,,,,,,,,,,,,,,,,,,,,,,,,,,,,,,,
UNY156,B261,,US,NY,K,3,2,,,L,Skin,N,,53.861722,,,,1995,,,,,,,,,,,,,,,,,,,,,,,,,,,,,,,,,,
UNY157,B262,,US,NY,B,59,1,,,L,Skin,N,,53.998986,,,,1995,,,,,,,,,,,,,,,,,,,,,,,,,,,,,,,,,,
UNY158,B266,,US,NY,G,50,3,,,L,Skin,N,,24.993659,,,,1995,,,,,,,,,,,,,,,,,,,,,,,,,,,,,,,,,,
UNY159,B269,,US,NY,U,18,3,,,L,Skin,N,,46.683512,,,,1995,,,,,,,,,,,,,,,,,,,,,,,,,,,,,,,,,,
UNY160,B272,,US,NY,K,3,2,,,"D (skin only, no multiple EM)",Skin,N,,91.935305,,,,1999,,,,,,,,,,,,,,,,,,,,,,,,,,,,,,,,,,
UNY161,B279,,US,NY,A,1,1,,,D,Skin,Y,,57.543341,,,,1996,,,,,,,,,,,,,,,,,,,,,,,,,,,,,,,,,,
UNY162,B281,,US,NY,N,9,2,,,L,Skin,N,,43.55845,,,,1996,,,,,,,,,,,,,,,,,,,,,,,,,,,,,,,,,,
UNY163,B310,,US,NY,B,7,1,,,L,Skin,N,,48.250775,,,,1996,,,,,,,,,,,,,,,,,,,,,,,,,,,,,,,,,,
UNY164,B322,,US,NY,H,4,2,Hb,,L,Skin,N,,56.987232,,,,1996,,,,,,,,,,,,,,,,,,,,,,,,,,,,,,,,,,
UNY165,B323,,US,NY,G,14,3,,,L,Skin,N,,53.866473,,,,1996,,,,,,,,,,,,,,,,,,,,,,,,,,,,,,,,,,
UNY166,B329,,US,NY,N,9,2,ospC_AT9,,L,Skin,N,,34.834221,,,,1996,,,,,,,,,,,,,,,,,,,,,,,,,,,,,,,,,,
UNY167,B331,,US,NY,I,16,3,,,L,Skin,N,,107.189531,,,,1996,,,,,,,,,,,,,,,,,,,,,,,,,,,,,,,,,,
UNY168,B346,,US,NY,H,4,2,,,L,Skin,N,,34.152159,,,,1997,,,,,,,,,,,,,,,,,,,,,,,,,,,,,,,,,,
UNY169,B348,,US,NY,E,19,3,ospC_AT5,,D,Skin,Y,,69.644808,,,,1997,,,,,,,,,,,,,,,,,,,,,,,,,,,,,,,,,,
UNY170,B352,,US,NY,A,1,1,,,"D (skin only, no multiple EM)",Skin,N,,73.297262,,,,1997,,,,,,,,,,,,,,,,,,,,,,,,,,,,,,,,,,
UNY171,B353,,US,NY,F,8,2,ospC_AT6,,L,Skin,N,,34.465034,,,,1997,,,,,,,,,,,,,,,,,,,,,,,,,,,,,,,,,,
UNY172,B356,,US,NY,M,12,3,ospC_AT12,,L,Skin,N,,57.167307,,,,1997,,,,,,,,,,,,,,,,,,,,,,,,,,,,,,,,,,
UNY173,B364,,US,NY,D,38,,,,L,Skin,N,,28.533683,,,,1997,,,,,,,,,,,,,,,,,,,,,,,,,,,,,,,,,,
UNY174,B367,,US,NY,B,7,1,,,L,Skin,N,,210.983171,,,,1997,,,,,,,,,,,,,,,,,,,,,,,,,,,,,,,,,,
UNY175,B369,,US,NY,G,14,3,ospC_AT7,,L,Skin,N,,63.359199,,,,1997,,,,,,,,,,,,,,,,,,,,,,,,,,,,,,,,,,
UNY176,B373,,US,NY,B,7,1,ospC_AT2,,D,Skin,N,BL220,80.079555,,,,1997,,,,,,,,,,,,,,,,,,,,,,,,,,,,,,,,,,
UNY177,B379,,US,NY,K,3,2,,,D,Skin,Y,BL224,156.620303,,,,1997,,,,,,,,,,,,,,,,,,,,,,,,,,,,,,,,,,
UNY178,B385,,US,NY,G,14,3,ospC_AT7,,D,Skin,N,BL229,25.172902,,,,1998,,,,,,,,,,,,,,,,,,,,,,,,,,,,,,,,,,
UNY179,B388,,US,NY,K,3,2,,,D,Skin,Y,BL231,53.391925,,,,1998,,,,,,,,,,,,,,,,,,,,,,,,,,,,,,,,,,
UNY180,B390,,US,NY,K,3,2,ospC_AT11,,L,Skin,N,,59.795832,,,,1998,,,,,,,,,,,,,,,,,,,,,,,,,,,,,,,,,,
UNY181,B400,,US,NY,K,3,2,,,D,Skin,N,BL241,52.127393,,,,1998,,,,,,,,,,,,,,,,,,,,,,,,,,,,,,,,,,
UNY182,B401,,US,NY,K,3,2,,,D,Skin,N,BL242,56.467603,,,,1998,,,,,,,,,,,,,,,,,,,,,,,,,,,,,,,,,,
UNY183,B408,,US,NY,I,16,3,ospC_AT9,,L,Skin,N,,32.155407,,,,1998,,,,,,,,,,,,,,,,,,,,,,,,,,,,,,,,,,
UNY184,B410,,US,NY,A,1,1,,,L,Skin,N,,92.592157,,,,1998,,,,,,,,,,,,,,,,,,,,,,,,,,,,,,,,,,
UNY185,B413,,US,NY,K,3,2,,,L,Skin,N,,87.703093,,,,1998,,,,,,,,,,,,,,,,,,,,,,,,,,,,,,,,,,
UNY186,B418,,US,NY,E,19,3,ospC_AT5,,D,Skin,Y,BL252,48.729471,,,,1998,,,,,,,,,,,,,,,,,,,,,,,,,,,,,,,,,,
UNY187,B427,,US,NY,B,7,1,,,D,Skin,N,BL256,46.653612,,,,1999,,,,,,,,,,,,,,,,,,,,,,,,,,,,,,,,,,
UNY188,B435,,US,NY,K,3,2,ospC_AT11,,D,Skin,N,BL266,89.988824,,,,1999,,,,,,,,,,,,,,,,,,,,,,,,,,,,,,,,,,
UNY189,B449,,US,NY,I,16,3,,,D,Skin,N,BL280,48.249201,,,,1999,,,,,,,,,,,,,,,,,,,,,,,,,,,,,,,,,,
UNY190,B454,,US,NY,B,59,1,,,D,Skin,N,BL285,77.429499,,,,1999,,,,,,,,,,,,,,,,,,,,,,,,,,,,,,,,,,
UNY191,B471,,US,NY,H,4,2,ospC_AT8,,D,Skin,N,BL303,72.760852,,,,2000,,,,,,,,,,,,,,,,,,,,,,,,,,,,,,,,,,
UNY192,B475,,US,NY,A,1,1,,,D,Skin,Y,BL307,84.856345,,,,2000,,,,,,,,,,,,,,,,,,,,,,,,,,,,,,,,,,
UNY193,B477,,US,NY,D,38,3,ospC_AT4,,L,Skin,N,,22.462349,,,,2000,,,,,,,,,,,,,,,,,,,,,,,,,,,,,,,,,,
UNY194,B478,,US,NY,K,3,2,,,D,Skin,Y,,78.258183,,,,2000,,,,,,,,,,,,,,,,,,,,,,,,,,,,,,,,,,
UNY195,B479,,US,NY,A,1,1,,,D,Skin,N,BL311,102.922487,,,,2000,,,,,,,,,,,,,,,,,,,,,,,,,,,,,,,,,,
UNY196,B500,,US,NY,I,15,3,ospC_AT9,,D,Skin,Y,,19.35337,,,,2000,,,,,,,,,,,,,,,,,,,,,,,,,,,,,,,,,,
UNY197,B503,,US,NY,K,3,2,,,"D (skin only, no multiple EM)",Skin,N ,,57.5641,,,,2000,,,,,,,,,,,,,,,,,,,,,,,,,,,,,,,,,,
UNY198,B515,,US,NY,A,1,1,ospC_AT1,,L,Skin,N,,132.598344,,,,2000,,,,,,,,,,,,,,,,,,,,,,,,,,,,,,,,,,
UNY199,CDC146,,US,NY,E,19,3,ospC_AT5,,L,Skin,N,,91.358983,,,,1991,,,,,,,,,,,,,,,,,,,,,,,,,,,,,,,,,,
UNY200,CDC160,,US,NY,A,1,1,,,L,Skin,N,,69.031148,,,,1991,,,,,,,,,,,,,,,,,,,,,,,,,,,,,,,,,,
UNY201,CDC161,,US,NY,J,34,3,ospC_AT10,,D,Skin,Y,,16.647215,,,,1991,,,,,,,,,,,,,,,,,,,,,,,,,,,,,,,,,,
UNY202,MR604,,US,NY,N,9,2,,,D,Skin,N,BL504,42.2986,,,,2001,,,,,,,,,,,,,,,,,,,,,,,,,,,,,,,,,,
UNY203,MR616,,US,NY,G,14,3,ospC_AT7,,L,Skin,N,,29.126156,,,,2001,,,,,,,,,,,,,,,,,,,,,,,,,,,,,,,,,,
UNY204,MR620,,US,NY,M,12,3,ospC_AT12,,D,Skin,Y,BL522,83.939133,,,,2001,,,,,,,,,,,,,,,,,,,,,,,,,,,,,,,,,,
UNY205,MR625,,US,NY,I,16,3,,,D,Skin,Y,BL527,51.021477,,,,2001,,,,,,,,,,,,,,,,,,,,,,,,,,,,,,,,,,
UNY206,MR628,,US,NY,N,9,2,ospC_AT13,,D,Skin,Y,,49.709552,,,,2001,,,,,,,,,,,,,,,,,,,,,,,,,,,,,,,,,,
UNY207,MR635,,US,NY,C,11,3,,,D,Skin,N,BL538,27.659928,,,,2001,,,,,,,,,,,,,,,,,,,,,,,,,,,,,,,,,,
UNY208,MR641,,US,NY,H,4,2,ospC_AT8,,D,Skin,Y,BL546,50.280525,,,,2002,,,,,,,,,,,,,,,,,,,,,,,,,,,,,,,,,,
UNY209,MR656,,US,NY,I,16,3,,,D,Skin,Y,BL562,38.286665,,,,2002,,,,,,,,,,,,,,,,,,,,,,,,,,,,,,,,,,
UNY210,MR662,,US,NY,U,18,3,ospC_AT15,,L,Skin,N,,23.173152,,,,2002,,,,,,,,,,,,,,,,,,,,,,,,,,,,,,,,,,
UNY211,MR663,,US,NY,K,3,2,,,L,Skin,N,,75.547792,,,,2002,,,,,,,,,,,,,,,,,,,,,,,,,,,,,,,,,,
UNY212,MR678,,US,NY,K,3,2,,,D,Skin,Y,,54.30975,,,,2003,,,,,,,,,,,,,,,,,,,,,,,,,,,,,,,,,,
UNY213,MR691,,US,NY,F,8,,,,L,Skin,N,,23.066916,,,,2003,,,,,,,,,,,,,,,,,,,,,,,,,,,,,,,,,,
UNY214,MR692,,US,NY,E3,40,3,ospC_AT16,,L,Skin,N,,22.809821,,,,2003,,,,,,,,,,,,,,,,,,,,,,,,,,,,,,,,,,
UNY215,MR715,,US,NY,G,14,3,,,D,Skin,Y,BL630,61.810464,,,,2005,,,,,,,,,,,,,,,,,,,,,,,,,,,,,,,,,,
UNY216,MR716,,US,NY,M,12,3,ospC_AT12,,D,Skin,N,BL631,33.427953,,,,2005,,,,,,,,,,,,,,,,,,,,,,,,,,,,,,,,,,
UNY217,MR730,,US,NY,T,37,3,ospC_AT14,,L,Skin,N,,54.372441,,,,2005,,,,,,,,,,,,,,,,,,,,,,,,,,,,,,,,,,
UNY218,MR731,,US,NY,T,37,3,ospC_AT14,,L,Skin,N,,10.945896,,,,2005,,,,,,,,,,,,,,,,,,,,,,,,,,,,,,,,,,
URI219,R4,,US,RI,A,1,,,,L,,N,,51.310567,,,,2015,,,,,,,,,,,,,,,,,,,,,,,,,,,,,,,,,,
UWI220,MC73,,US,WI,F,56,,Fc,,L,Skin,N,,48.09016,,,,1995,,,,,,,,,,,,,,,,,,,,,,,,,,,,,,,,,,
UWI221,MC74,,US,WI,H,32,,Hb,,L,Skin,N,,37.953908,,,,1995,,,,,,,,,,,,,,,,,,,,,,,,,,,,,,,,,,
UWI222,MC75,,US,WI,H,32,,Hb,,D,Skin,Y,,50.688385,,,,1995,,,,,,,,,,,,,,,,,,,,,,,,,,,,,,,,,,
UWI223,MC76,,US,WI,K,234,,ospC_AT11,,L,Skin,N,,32.034058,,,,1996,,,,,,,,,,,,,,,,,,,,,,,,,,,,,,,,,,
UWI224,MC77,,US,WI,H,32,,Hb,,D,Skin,Y,,51.911875,,,,1996,,,,,,,,,,,,,,,,,,,,,,,,,,,,,,,,,,
UWI225,MC78,,US,WI,F,56,,Fc,,L,Skin,N,,64.789864,,,,1996,,,,,,,,,,,,,,,,,,,,,,,,,,,,,,,,,,
UWI226,MC79,,US,WI,O,221,,Oa,,D,Skin,Y,,76.524111,,,,1996,,,,,,,,,,,,,,,,,,,,,,,,,,,,,,,,,,
UWI227,MC80,,US,WI,H,32,,Hb,,D,Skin,Y,,46.075154,,,,1996,,,,,,,,,,,,,,,,,,,,,,,,,,,,,,,,,,
UWI228,MC81,,US,WI,K,234,,ospC_AT11,,L,Skin,N,,60.847392,,,,1996,,,,,,,,,,,,,,,,,,,,,,,,,,,,,,,,,,
UWI229,MC82,,US,WI,N,43,,ospC_AT13,,L,Skin,N,,55.323351,,,,1996,,,,,,,,,,,,,,,,,,,,,,,,,,,,,,,,,,
UWI230,MC83,,US,WI,U,222,,ospC_AT15,,D,Skin,Y,,39.823009,,,,1996,,,,,,,,,,,,,,,,,,,,,,,,,,,,,,,,,,
UWI231,MC85,,US,WI,E3,52,,E3,,L,Skin,N,,56.865011,,,,1996,,,,,,,,,,,,,,,,,,,,,,,,,,,,,,,,,,
UWI232,MC86,,US,WI,K,234,,ospC_AT11,,D,CSF,N,,28.779288,,,,1996,,,,,,,,,,,,,,,,,,,,,,,,,,,,,,,,,,
UWI233,MC88,,US,WI,G,48,,ospC_AT7,,L,Skin,N,,6.365883,,,,1996,,,,,,,,,,,,,,,,,,,,,,,,,,,,,,,,,,
UWI234,MC89,,US,WI,L,29,,L,,L,Skin,N,,116.528844,,,,1997,,,,,,,,,,,,,,,,,,,,,,,,,,,,,,,,,,
UWI235,MC90,,US,WI,U,47,,ospC_AT15,,L,Skin,N,,70.581531,,,,1997,,,,,,,,,,,,,,,,,,,,,,,,,,,,,,,,,,
UWI236,MC91,,US,WI,G,48,,ospC_AT7,,L,Skin,N,,77.711285,,,,1997,,,,,,,,,,,,,,,,,,,,,,,,,,,,,,,,,,
UWI237,MC92,,US,WI,E,229,,E1,,L,Skin,N,,51.108637,,,,1997,,,,,,,,,,,,,,,,,,,,,,,,,,,,,,,,,,
UWI238,MC93,,US,WI,L,29,,L,,D,Skin,Y,,49.840404,,,,1997,,,,,,,,,,,,,,,,,,,,,,,,,,,,,,,,,,
UWI239,MC95,,US,WI,O,221,,Oa,,D,Skin,Y,,28.627812,,,,1997,,,,,,,,,,,,,,,,,,,,,,,,,,,,,,,,,,
UWI240,MC96,,US,WI,M,12,,M2,,D,Skin,Y,,55.337932,,,,1997,,,,,,,,,,,,,,,,,,,,,,,,,,,,,,,,,,
UWI241,MC97a,,US,WI,G,48,,ospC_AT7,,D,Skin,Y,,82.191307,,,,1997,,,,,,,,,,,,,,,,,,,,,,,,,,,,,,,,,,
UWI242,MC98,,US,WI,A,55,,ospC_AT1,,L,Skin,N,,55.228045,,,,1998,,,,,,,,,,,,,,,,,,,,,,,,,,,,,,,,,,
UWI243,MC99,,US,WI,K,234,,ospC_AT11,,L,Skin,N,,37.988911,,,,1998,,,,,,,,,,,,,,,,,,,,,,,,,,,,,,,,,,
UWI244,MC100,,US,WI,J,237,,ospC_AT10,,L,Skin,N,,54.357565,,,,1998,,,,,,,,,,,,,,,,,,,,,,,,,,,,,,,,,,
UWI245,MC101,,US,WI,E,229,,E1,,L,Skin,N,,74.714122,,,,1998,,,,,,,,,,,,,,,,,,,,,,,,,,,,,,,,,,
UWI246,MC102,,US,WI,F,302,,ospC_AT8,,L,Skin,N,,17.696739,,,,1998,,,,,,,,,,,,,,,,,,,,,,,,,,,,,,,,,,
UWI247,MC104,,US,WI,H,4,,Hb,,D,CSF,N,,31.448644,,,,1998,,,,,,,,,,,,,,,,,,,,,,,,,,,,,,,,,,
UWI248,MC105,,US,WI,H,32,,Hb,,L,Skin,N,,41.857895,,,,1998,,,,,,,,,,,,,,,,,,,,,,,,,,,,,,,,,,
UWI249,MC106,,US,WI,M,409,,M2,,L,Skin,N,,6.522223,,,,1998,,,,,,,,,,,,,,,,,,,,,,,,,,,,,,,,,,
UWI250,MC107,,US,WI,H,32,,Hb,,L,Skin,N,,39.736439,,,,1998,,,,,,,,,,,,,,,,,,,,,,,,,,,,,,,,,,
UWI251,MC108,,US,WI,B,30,,ospC_AT2,,L,Skin,N,,41.255936,,,,1998,,,,,,,,,,,,,,,,,,,,,,,,,,,,,,,,,,
UWI252,MC111,,US,WI,L,29,,L,,D,CSF,N,,25.634864,,,,1998,,,,,,,,,,,,,,,,,,,,,,,,,,,,,,,,,,
UWI253,MC112,,US,WI,H,32,,Hb,,D,Skin,Y,,4.157952,,,,1999,,,,,,,,,,,,,,,,,,,,,,,,,,,,,,,,,,
UWI254,MC113,,US,WI,H,32,,Hb,,D,Skin,Y,,2.020926,,,,1999,,,,,,,,,,,,,,,,,,,,,,,,,,,,,,,,,,
UWI255,MC114,,US,WI,I,227,,ospC_AT9,,L,Skin,N,,10.192568,,,,1999,,,,,,,,,,,,,,,,,,,,,,,,,,,,,,,,,,
UWI256,MC115,,US,WI,L,29,,L1,,L,Skin,N,,5.231704,,,,1999,,,,,,,,,,,,,,,,,,,,,,,,,,,,,,,,,,
UWI257,MC117,,US,WI,B3,232,,B3,,L,Skin,N,,4.69886,,,,1999,,,,,,,,,,,,,,,,,,,,,,,,,,,,,,,,,,
UWI258,MC118,,US,WI,B3,232,,B3,,L,Skin,N,,6.977126,,,,1999,,,,,,,,,,,,,,,,,,,,,,,,,,,,,,,,,,
UWI259,MC119,,US,WI,H,32,,Hb,,L,Skin,N,,3.386324,,,,1999,,,,,,,,,,,,,,,,,,,,,,,,,,,,,,,,,,
UWI260,MC120,,US,WI,F3,225,,F3,,L,Skin,N,,8.188097,,,,1999,,,,,,,,,,,,,,,,,,,,,,,,,,,,,,,,,,
UWI261,MC121,,US,WI,A,55,,ospC_AT1,,D,CSF,N,,43.486482,,,,1999,,,,,,,,,,,,,,,,,,,,,,,,,,,,,,,,,,
UWI262,MC122,,US,WI,D,51,,Db,,L,Skin,N,,27.125901,,,,1999,,,,,,,,,,,,,,,,,,,,,,,,,,,,,,,,,,
UWI263,MC123,,US,WI,L,29,,L1,,L,Skin,N,,26.878361,,,,1999,,,,,,,,,,,,,,,,,,,,,,,,,,,,,,,,,,
UWI264,MC125,,US,WI,L,29,,L1,,D,Skin,Y,,15.917949,,,,2000,,,,,,,,,,,,,,,,,,,,,,,,,,,,,,,,,,
UWI265,MC126,,US,WI,K,234,,ospC_AT11,,L,Skin,N,,38.551723,,,,2000,,,,,,,,,,,,,,,,,,,,,,,,,,,,,,,,,,
UWI266,MC127,,US,WI,T,223,,T1,,L,Skin,N,,1.687966,,,,2000,,,,,,,,,,,,,,,,,,,,,,,,,,,,,,,,,,
UWI267,MC128,,US,WI,U,222,,ospC_AT15,,L,Skin,N,,22.017992,,,,2000,,,,,,,,,,,,,,,,,,,,,,,,,,,,,,,,,,
UWI268,MC129,,US,WI,I,228,,ospC_AT9,,L,Skin,N,,18.514177,,,,2000,,,,,,,,,,,,,,,,,,,,,,,,,,,,,,,,,,
UWI269,MC130,,US,WI,H,32,,Hb,,D,Skin,Y,,3.966957,,,,2000,,,,,,,,,,,,,,,,,,,,,,,,,,,,,,,,,,
UWI270,MC131,,US,WI,D,51,,Db,,L,Skin,N,,58.039218,,,,2001,,,,,,,,,,,,,,,,,,,,,,,,,,,,,,,,,,
UWI271,MC132,,US,WI,B,30,,ospC_AT2,,D,Skin,Y,,13.29232,,,,2001,,,,,,,,,,,,,,,,,,,,,,,,,,,,,,,,,,
UWI272,MC133,,US,WI,A,55,,ospC_AT1,,D,CSF,N,,5.891907,,,,2001,,,,,,,,,,,,,,,,,,,,,,,,,,,,,,,,,,
UWI273,MC134,,US,WI,C,55,,Cb,,L,Skin,N,,10.584624,,,,2001,,,,,,,,,,,,,,,,,,,,,,,,,,,,,,,,,,
UWI274,MC135,,US,WI,D,226,,Db,,L,Skin,N,,30.385951,,,,2001,,,,,,,,,,,,,,,,,,,,,,,,,,,,,,,,,,
UWI275,MC136,,US,WI,K,234,,,,L,Skin,N,,22.21233,,,,2001,,,,,,,,,,,,,,,,,,,,,,,,,,,,,,,,,,
UWI276,MC137,,US,WI,N,410,,ospC_AT13,,D,Skin,Y,,7.714615,,,,2001,,,,,,,,,,,,,,,,,,,,,,,,,,,,,,,,,,
UWI277,MC138,,US,WI,N,410,,ospC_AT13,,L,Skin,N,,24.883577,,,,2001,,,,,,,,,,,,,,,,,,,,,,,,,,,,,,,,,,
UWI278,MC139,,US,WI,H,32,,Hb,,D,Skin,Y,,28.837397,,,,2001,,,,,,,,,,,,,,,,,,,,,,,,,,,,,,,,,,
UWI279,MC140,,US,WI,F,302,,,,D,Skin,Y,,50.567514,,,,2001,,,,,,,,,,,,,,,,,,,,,,,,,,,,,,,,,,
UWI280,MC143,,US,WI,H,32,,Hb,,L,Skin,N,,37.356501,,,,2002,,,,,,,,,,,,,,,,,,,,,,,,,,,,,,,,,,
UWI281,MC145,,US,WI,T,223,,T1,,L,Skin,N,,7.283381,,,,2002,,,,,,,,,,,,,,,,,,,,,,,,,,,,,,,,,,
UWI282,MC148,,US,WI,C,413,,Cb,,L,Skin,N,,4.03752,,,,2002,,,,,,,,,,,,,,,,,,,,,,,,,,,,,,,,,,
UWI283,MC149,,US,WI,O,221,,Oa,,L,Skin,N,,70.690943,,,,2002,,,,,,,,,,,,,,,,,,,,,,,,,,,,,,,,,,
ESI284,EUBbssBL1,2831/06,EU,Slovenia,,,,,,,,,,,,,,,,,,,,,,,,,,,,,,,,,,,,,,,,,,,,,,,,
ESI285,EUBBssBB2,953/03,EU,Slovenia,B,ST20,1,,,,Blood,,,,,3,M,,,,,,,,,,,,,,,,,,,,,,,,,,,,,,,,,,,
ESI286,EUBbssCM3,2725/04,EU,Slovenia,B,ST20,1,,,,Skin,,,,,51,F,,,,,,,,,,,,,,,,,,,,,,,,,,,,,,,,,,,
ESI287,EUbbssHB6,323/96,EU,Slovenia,B,ST314,1,,,,Skin,,,,0,43,F,,,,,,,,,,,,,,,,,,,,,,,,,,,,,,,,,,,
ESI288a,EUbbssJI7a,MKP-2205/13,EU,Slovenia,,,,,,,,,ES289a,,,,,,,,,,,,,,,,,,,,,,,,,,,,,,,,,,,,,,,
ESI288b,EUbbssJI8b,BSK-Hi2206/13,EU,Slovenia,,,,,,,,,ES289b,,,,,,,,,,,,,,,,,,,,,,,,,,,,,,,,,,,,,,,
ESI289,EUbbssKJ9,2253/11,EU,Slovenia,,,,,,,,,,,,,,,,,,,,,,,,,,,,,,,,,,,,,,,,,,,,,,,,
ESI290,EUbbssKM10,2157/06,EU,Slovenia,B,ST314,1,,,,Skin,,,,0,47,M,,,,,,,,,,,,,,,,,,,,,,,,,,,,,,,,,,,
ESI291,EUbbssKB11,1442/99,EU,Slovenia,Q,ST20,1,,,,CSF,,,,,17,M,,,,,,,,,,,,,,,,,,,,,,,,,,,,,,,,,,,
ESI292,EUbbssKK12,2624/09,EU,Slovenia,B,ST20,1,,,,Skin,,,,,69,F,,,,,,,,,,,,,,,,,,,,,,,,,,,,,,,,,,,
ESI293,EUbbssKF13,511/10,EU,Slovenia,,,,,,,,,,,,,,,,,,,,,,,,,,,,,,,,,,,,,,,,,,,,,,,,
ESI294,EUbbssLM14,375/10,EU,Slovenia,B,ST314,1,,,,CSF,,,,5,52,F,,,,,,,,,,,,,,,,,,,,,,,,,,,,,,,,,,,
ESI295,EUbbssLO15a,1506/08,EU,Slovenia,,,,,,,,,,,,,,,,,,,,,,,,,,,,,,,,,,,,,,,,,,,,,,,,
ESI296,EUbbssLO16b,1513/08,EU,Slovenia,,,,,,,,,,,,,,,,,,,,,,,,,,,,,,,,,,,,,,,,,,,,,,,,
ESI297,EUbbssMF17,851/97,EU,Slovenia,B,nov_ST–545,1,,,,Skin,,,,5,46,F,,,,,,,,,,,,,,,,,,,,,,,,,,,,,,,,,,,
ESI298,EUbbssOD18,2213/06,EU,Slovenia,"does not match any restriction type, blast - match type H",ST20,1,,,,Skin,,,,0,50,F,,,,,,,,,,,,,,,,,,,,,,,,,,,,,,,,,,,
ESI299,EUssOJ19,3471/09,EU,Slovenia,S,ST24,3,,,,CSF,,,,2,39,F,,,,,,,,,,,,,,,,,,,,,,,,,,,,,,,,,,,
ESI300,EUbbssOF20,1929/11,EU,Slovenia,,,,,,,,,,,,,,,,,,,,,,,,,,,,,,,,,,,,,,,,,,,,,,,,
ESI301,EUbbssPM21a,2093/06,EU,Slovenia,,,,,,,,,,,,,,,,,,,,,,,,,,,,,,,,,,,,,,,,,,,,,,,,
ESI302,EUbbssPM22b,2092/06,EU,Slovenia,B,ST314,1,,,,Skin,,,,0,77,F,,,,,,,,,,,,,,,,,,,,,,,,,,,,,,,,,,,
ESI303,EUbbssPF23,2033/00,EU,Slovenia,B,nov_ST–545,1,,,,Skin,,,,0,52,F,,,,,,,,,,,,,,,,,,,,,,,,,,,,,,,,,,,
ESI304,EUbbssPS24,559/06,EU,Slovenia,L,ST24,3,,,,Skin,,,,2,55,F,,,,,,,,,,,,,,,,,,,,,,,,,,,,,,,,,,,
ESI305,EUbbssPT25,2290/03,EU,Slovenia,B,ST20,1,,,,Skin,,,,,46,F,,,,,,,,,,,,,,,,,,,,,,,,,,,,,,,,,,,
ESI306,EUbbssPV26,1313/12,EU,Slovenia,B,nov_ST–545,1,,,,Skin,,,,0,66,F,,,,,,,,,,,,,,,,,,,,,,,,,,,,,,,,,,,
ESI307,EUbbssPS27,2249/07,EU,Slovenia,B,nov_ST–545,1,,,,Skin,,,,6,54,F,,,,,,,,,,,,,,,,,,,,,,,,,,,,,,,,,,,
ESI308,EUbbssRJ28,674/18,EU,Slovenia,,,,,,,,,,,,,,,,,,,,,,,,,,,,,,,,,,,,,,,,,,,,,,,,
ESI309,EUbbssRE29,7946/05,EU,Slovenia,,,,,,,,,,,,,,,,,,,,,,,,,,,,,,,,,,,,,,,,,,,,,,,,
ESI310,EUbbssRU30,2361/00,EU,Slovenia,L,ST24,3,,,,Skin,,,,0,18,M,,,,,,,,,,,,,,,,,,,,,,,,,,,,,,,,,,,
ESI311,EUbbssSU31,1735/11,EU,Slovenia,L,ST24,3,,,,Blood,,,,2,10,F,,,,,,,,,,,,,,,,,,,,,,,,,,,,,,,,,,,
ESI312,EUbbssSZ32,861/99,EU,Slovenia,,,,,,,,,,,,,,,,,,,,,,,,,,,,,,,,,,,,,,,,,,,,,,,,
ESI313,EUbbssSM33,2543/97,EU,Slovenia,B,ST314,1,,,,Skin,,,,2,48,F,,,,,,,,,,,,,,,,,,,,,,,,,,,,,,,,,,,
ESI314,EUbbssTM34,1809/03,EU,Slovenia,B,ST20,1,,,,CSF,,,,2,64,M ,,,,,,,,,,,,,,,,,,,,,,,,,,,,,,,,,,,
ESI315,EUbbssTVM35,2130/06,EU,Slovenia,B,nov_ST–545,1,,,,Skin,,,,0,61,F,,,,,,,,,,,,,,,,,,,,,,,,,,,,,,,,,,,
ESI316,EUbbSSVI36,518/07,EU,Slovenia,L,ST24,3,,,,Skin,,,,,59,M ,,,,,,,,,,,,,,,,,,,,,,,,,,,,,,,,,,,
ESI317,EUbbssZJ37,1963/06,EU,Slovenia,B,ST20,1,,,,Skin,,,,0,47,M ,,,,,,,,,,,,,,,,,,,,,,,,,,,,,,,,,,,
ESI318,EUbbssZV38,11059/05,EU,Slovenia,,,,,,,,,,,,,,,,,,,,,,,,,,,,,,,,,,,,,,,,,,,,,,,,
ESI319,EUbbssZJ39,1706/06,EU,Slovenia,L,ST24,3,,,,Skin,,,,0,68,F,,,,,,,,,,,,,,,,,,,,,,,,,,,,,,,,,,,
ESI320,EUbbssZM40,1408/94,EU,Slovenia,Q,nov_ST–546,1,,,,Skin,,,,2,27,F,,,,,,,,,,,,,,,,,,,,,,,,,,,,,,,,,,,
ESI321,EUbbssZR41,278/92,EU,Slovenia,,,,,,,,,,,,,,,,,,,,,,,,,,,,,,,,,,,,,,,,,,,,,,,,
ESI322,EUbbssZF42,1131/96,EU,Slovenia,L,ST24,3,,,,Skin,,,,4,55,F,,,,,,,,,,,,,,,,,,,,,,,,,,,,,,,,,,,
ESI323,EUbbssZI43,1502/01,EU,Slovenia,L,ST24,3,,,,Skin,,,,,56,F,,,,,,,,,,,,,,,,,,,,,,,,,,,,,,,,,,,
URI324,R2,,RI,US,B,797,,,,,,,,41.328771,,,,,,,,,,,,,,,,,,,,,,,,,,,,,,,,,,,,,,